0,-801.2,549,1401.2,7.8,39.2,-17.6
9,-1425.76,560.7,2536.16,14.84,85.16,-33.88
19,-1919.01,529.47,3430.53,20.272,134.728,-46.704
30,-2354.81,589.347,4144.82,27.2176,183.182,-56.7632
39,-2697.05,568.335,4706.66,32.3741,225.346,-65.0106
49,-2983.24,584.233,5155.33,34.2993,262.277,-69.6084
59,-3183.39,564.223,5507.86,36.4394,292.821,-73.8868
69,-3347.91,429.022,5839.09,49.1515,338.457,-77.7094
79,-3475.93,228.302,6086.07,73.7212,387.566,-94.1675
90,-3509.54,696.03,6231.66,88.177,460.653,-85.134
99,-3674.43,352.203,6456.53,113.942,559.322,-72.9072
109,-3809.15,692.22,6551.22,153.353,652.258,-68.7258
119,-3883.72,785.622,6718.98,190.883,757.606,-89.3806
130,-3935.37,1036.16,6758.78,220.906,863.085,-160.904
140,-3953.1,1378.02,6923.83,252.125,968.468,-268.524
150,-3946.08,1552.6,7020.66,226.9,1086.97,-443.419
160,-3918.46,727.66,7206.53,221.72,1163.98,-640.335
170,-3867.57,600.166,7322.02,231.576,1207.78,-877.668
180,-3560.06,1824.02,7672.82,214.061,1185.43,-1080.13
190,-3153.25,2466.6,8028.25,130.449,1073.14,-1237.71
200,-2543,2898.06,8392.2,13.5589,955.113,-1334.57
210,-2308.4,2826.01,8871.76,-49.7529,839.691,-1301.45
220,-2119.92,3200.4,9252.21,-50.6023,693.352,-1199.56
229,-1753.53,3576.24,9440.17,-52.0819,478.682,-1044.65
239,-1282.43,3833.42,9514.93,-78.8655,277.746,-894.12
250,-925.142,3607.14,9654.75,-133.492,74.7964,-740.296
260,-660.113,3253.31,9789.8,-171.594,-127.763,-591.237
270,-472.491,2877.73,9900.24,-143.275,-362.01,-410.989
280,-373.193,2528.77,9988.59,-63.2201,-606.408,-217.391
290,-327.354,2558.68,9997.27,67.0239,-875.727,10.0868
300,-285.883,2687.67,9905.42,178.019,-1118.58,232.269
310,-277.907,2257.77,9784.74,237.615,-1336.67,465.216
320,-399.525,2383.98,9689.39,266.092,-1507.33,665.572
329,-630.82,2243.6,9650.71,291.674,-1657.87,854.458
339,-926.656,2263.76,9563.37,315.339,-1798.09,1017.37
349,-1138.92,2323.38,9392.7,327.471,-1921.47,1159.09
359,-1270.74,2395.94,9120.96,325.177,-2006.78,1272.07
369,-1400.99,2435.59,8866.37,323.942,-2030.42,1363.46
379,-1766.39,2322.56,8825.49,350.953,-2034.94,1440.57
389,-2205.51,2676.66,8869.59,404.163,-2073.95,1524.85
399,-2488.41,3205.27,8843.67,436.73,-2136.56,1600.88
409,-2604.73,3299.53,8705.74,415.184,-2191.65,1670.11
419,-2622.18,3267.55,8542.59,363.747,-2216.92,1733.69
429,-2676.55,3068.16,8456.47,296.798,-2212.34,1801.15
439,-2811.64,2803.42,8452.38,251.038,-2205.47,1867.52
449,-2918.11,2668.94,8442.3,233.031,-2215.97,1934.81
459,-2904.09,2466.49,8345.04,224.424,-2229.38,1991.85
469,-2819.27,2372.45,8188.83,220.94,-2215.1,2030.28
479,-2683.82,2055.24,8023.87,219.552,-2176.48,2047.63
489,-2631.05,1866.92,7961.89,250.641,-2109.99,2048.5
499,-2800.84,1862.49,8093.51,301.513,-2063.39,2036.2
509,-2944.67,1986.25,8233.21,354.61,-2075.71,2003.96
519,-2891.74,2182.22,8224.57,385.088,-2106.77,1954.97
529,-2696.99,2014.62,8128.86,398.871,-2124.02,1887.77
540,-2455.19,1717.06,8025.08,426.897,-2114.21,1825.42
550,-2328.15,1591.91,8023.67,489.917,-2083.37,1774.94
560,-2254.52,1645.99,8056.93,563.534,-2063.3,1730.95
570,-2184.42,1613.6,8090.35,621.227,-2060.64,1677.56
579,-2095.94,1388.96,8089.88,661.782,-2064.71,1614.05
589,-1955.95,1053.3,8007.9,692.025,-2076.57,1535.04
599,-1839.16,764.13,7915.52,726.02,-2082.85,1445.03
610,-1792.93,515.613,7862.02,790.616,-2082.48,1332.62
619,-1909.94,281.961,7895.21,878.093,-2103.99,1210.9
629,-2059.15,326.996,7884.97,1000.07,-2177.19,1063.52
639,-2188.12,255.9,7804.78,1109.26,-2270.55,908.416
650,-2238.1,63.39,7563.82,1209.21,-2368.24,722.532
659,-2303.68,-168.261,7272.66,1304.17,-2449.59,530.426
669,-2504.54,-297.626,7059.73,1429.73,-2512.67,318.741
679,-2854.03,-245.763,6805.78,1567.79,-2579.94,116.193
690,-3148.03,-206.376,6468.22,1723.83,-2656.75,-87.8459
699,-3357.22,-103.438,5935.38,1869.86,-2703.2,-270.877
710,-3580.18,169.656,5359.1,1985.89,-2661.96,-445.501
720,-3897.34,843.166,4710.88,2047.11,-2563.17,-607.001
729,-4280.27,1261.52,4091.91,2018.29,-2370.14,-735.401
739,-4847.42,1837.95,3507.93,1939.83,-2143.51,-808.321
749,-5344.33,2073.8,2909.14,1781.67,-1840.01,-782.657
759,-5713.47,2547.38,2250.11,1576.13,-1481.21,-676.925
769,-6212.77,2916.94,1670.89,1257.71,-987.364,-470.74
779,-6972.22,2536.29,1329.91,910.365,-476.891,-219.592
790,-7746.98,2599.03,1127.13,527.492,80.087,131.926
799,-8330.78,2398.3,1006.5,155.393,624.67,506.541
809,-8669.82,2331.43,1116.8,-251.485,1224.14,939.233
819,-4549.46,2551.54,4171.44,-692.588,1873.71,1273.79
830,183.232,16340,8306.75,-1220.07,2451.77,1374.83
839,958.986,-3271,6239.4,-2025.06,3146.01,853.463
850,630.389,-13537.3,5541.52,-2702.65,3881.81,134.571
859,-980.089,-14706.1,7501.62,-2728.12,4584.25,-175.744
870,-2531.67,-11833.2,8104.49,-2311.09,5082.4,-468.995
879,-4101.34,-3856.32,9228.8,-1830.67,5452.52,-723.996
890,-5335.47,4918.97,9507.84,-1427.34,5506.22,-777.197
899,-5855.98,3800.3,9559.47,-1170.27,5444.17,-712.157
909,-5996.78,1157.63,9674.78,-989.017,5256.74,-589.526
919,-6479.82,2365.76,9349.42,-919.014,5115.99,-640.021
929,-7986.26,5904.78,9023.14,-1077.81,4742.19,-605.617
939,-7343.81,495.078,9112.51,-1210.25,4323.95,-604.693
950,-6851.45,-251.092,8661.21,-1349.8,3824.76,-636.155
959,-6200.76,1744.29,8613.37,-1460.04,3401.61,-691.524
969,-5764.61,1322.83,8418.29,-1568.23,3038.29,-730.419
979,-4941.68,1446.28,8232.63,-1643.79,2747.03,-792.535
989,-4776.95,778.228,8105.71,-1671.03,2535.42,-856.228
999,-4931.96,-2022.78,7930.17,-1600.02,2301.34,-897.383
1010,-4558.37,-429.078,7882.13,-1450.82,2080.07,-854.906
1019,-4439.89,-491.108,7851.31,-1259.45,1931.26,-800.325
1030,-4245.91,305.489,7962.24,-1061.56,1852.01,-711.06
1040,-4262.73,1754.95,8304.6,-854.651,1810.4,-605.848
1050,-4352.58,1455.29,8077.28,-713.921,1760.72,-531.278
1059,-4291.27,1644.93,7949.82,-585.136,1683.18,-474.423
1070,-4194.21,1683.69,7605.46,-496.109,1553.54,-429.738
1080,-4117.37,414.969,7522.77,-431.287,1439.83,-415.19
1090,-4133.1,496.897,7372.61,-352.63,1369.07,-388.152
1100,-4295.28,256.69,7287.29,-269.504,1318.25,-347.522
1110,-4363.02,661.069,7191.03,-187.403,1266.6,-297.818
1119,-4329.22,805.907,7152.03,-119.522,1237.68,-255.854
1130,-4393.37,748.391,7125.62,-62.218,1224.35,-222.283
1139,-4272.7,706.639,7125.7,-7.37439,1221.68,-194.627
1150,-4306.96,911.264,7129.76,51.3005,1263.74,-177.301
1159,-4406.77,843.526,7035.81,96.6404,1286.79,-170.041
1170,-4468.21,699.953,6957.04,129.712,1289.83,-160.033
1180,-4450.57,563.195,6858.04,146.77,1281.87,-141.226
1189,-4486.46,713.32,6766.03,165.416,1268.69,-127.581
1199,-4554.37,730.132,6713.22,173.733,1253.96,-116.865
1209,-4644.29,706.613,6674.18,178.786,1226.36,-98.8918
1220,-4621.43,747.461,6659.34,184.429,1193.29,-84.5135
1230,-4647.55,1037.75,6611.87,183.943,1164.43,-75.8108
1239,-4645.64,1163.97,6536.3,173.555,1138.35,-81.4486
1250,-4612.51,1245,6471.84,150.444,1125.48,-116.759
1259,-4640.01,1272.9,6364.67,121.355,1119.98,-168.207
1269,-4705.21,703.29,6349.74,100.084,1101.59,-246.166
1280,-4855.37,896.529,6244.59,64.8671,1059.07,-315.133
1290,-4899.89,941.053,6204.87,20.0937,986.055,-377.106
1299,-4876.31,1471.11,6282.3,-31.125,920.444,-435.085
1309,-4773.05,771.711,6364.24,-73.1,902.355,-504.068
1319,-4759.24,545.171,6399.39,-115.68,881.084,-581.254
1330,-4757.79,1098.52,6482.71,-136.144,899.667,-658.003
1339,-4732.63,1035.05,6567.77,-141.515,908.334,-668.803
1350,-4736.51,515.705,6541.82,-121.012,975.667,-655.442
1359,-4825.61,190.171,6503.85,-114.61,1088.53,-618.154
1370,-4814.48,460.017,6517.48,-116.288,1242.03,-559.123
1380,-4904.79,636.402,6413.19,-124.63,1436.22,-493.698
1389,-4961.03,816.04,6453.75,-112.304,1719.98,-437.359
1400,-5044.82,1100.4,6479.8,-78.6433,2071.18,-417.087
1411,-4969.46,45.2405,6704.24,-40.9147,2606.75,-389.27
1420,-5011.97,362.724,6770.19,-30.7317,3200.4,-363.216
1431,-4985.57,596.072,6882.55,-81.3854,3939.12,-332.373
1440,-4750.46,682.407,6954.44,-148.508,4711.49,-350.498
1451,-4653.57,739.641,7123.95,-224.407,5597.4,-406.398
1461,-5123.65,1708.36,7284.76,-298.525,6435.12,-482.519
1471,-5597.72,998.836,7251.01,-358.02,7432.89,-624.815
1480,-5589.38,607.484,7412.81,-340.816,8398.11,-714.052
1491,-6076.7,525.148,7477.45,-238.253,9493.89,-703.642
1500,-7024.56,-257.085,6978.36,-7.00238,10955.5,-753.113
1510,-9133.25,3046.89,7584.29,448.198,12179.8,-656.691
1520,-10722.6,2698.69,8261.83,1278.96,13101.8,-669.953
1530,-11302.1,2374.07,9064.66,2096.97,13650.5,-675.562
1539,-12142.5,3799.61,9651.73,2982.17,13722.2,-1002.65
1550,-12150.4,3249.16,11601,3788.74,13390.9,-1461.72
1560,-12240.7,888.316,12410.4,4382.59,12805.6,-1751.38
1570,-10471.4,1595.43,13480.7,4590.47,11763.8,-2249.5
1579,-14930.7,15133.7,15397.4,4301.78,10288.3,-2459.4
1590,-15122.9,17540.6,18871.3,4115.02,8519.22,-2572.32
1600,-12529.2,10626.3,19876.6,3354.82,5846.58,-2585.26
1610,-9806.13,7954.83,19279.7,2515.25,3211.66,-2502.21
1620,-7260.1,4431.48,17557.4,1718,973.729,-2404.96
1630,-5400.88,3850.55,16048.3,1131.4,-773.617,-2313.17
1640,-4548.71,3700.65,14839,816.922,-2288.29,-2151.34
1650,-4294.16,3934.07,13970.8,631.138,-3691.04,-1939.47
1660,-4163.73,4252.61,13022.3,557.31,-5099.03,-1646.18
1670,-3961.79,4271.86,11887.4,502.248,-6346.22,-1350.74
1680,-3755.03,3433.19,10490.7,470.799,-7371.78,-1060.99
1689,-3644.42,2739.12,9169.78,484.439,-8145.02,-802.794
1700,-4084.74,2061.31,8477.03,605.751,-8633.02,-578.235
1710,-4475.39,1511.13,7925.22,835.001,-9064.21,-343.188
1720,-5041.51,1632.51,7679.78,1181.4,-9382.57,-113.951
1730,-5498.01,1920.05,7486.22,1552.92,-9658.26,123.44
1740,-5960.41,2058.61,7483.38,1924.94,-9862.41,426.552
1749,-6424.73,2108.46,7524.7,2235.75,-10005.3,754.041
1760,-7064.18,1730.05,7737.36,2474,-10101.9,1151.63
1769,-7690.14,1515.8,7953.89,2624.2,-10166.9,1563.31
1780,-8186.92,725.78,8243.51,2690.56,-10216.5,2031.85
1789,-8591.13,626.978,8385.61,2693.65,-10234.6,2490.28
1799,-8825.71,8.69781,8612.89,2620.72,-10224.9,2978.02
1810,-8927.37,-560.73,8871.51,2504.57,-10153.3,3416.82
1819,-9099.09,-1085.67,9226.41,2381.86,-10055,3770.65
1830,-9353.27,-1163.37,9754.33,2265.49,-9944.04,4032.92
1839,-9960.62,-1064.94,10479.9,2153.59,-9858.23,4169.14
1850,-10600.5,-723.894,11192.3,2051.47,-9832.38,4212.71
1859,-11246.8,249.811,11871.4,1938.38,-9892.91,4137.77
1870,-11998.2,1047.38,12367.1,1823.1,-9978.93,3996.81
1880,-13059.4,1227.94,12576.5,1727.88,-10101.9,3801.05
1890,-14054.3,1400.79,12476.8,1712.11,-10212.6,3620.64
1900,-14931.8,404.679,11265.1,1893.28,-10247.6,3476.51
1910,-15628.3,-749.732,9534.44,2334.23,-10028.3,3433.81
1920,-16248.6,-2693.97,7384.35,2872.18,-9614.45,3498.85
1930,-17070.5,-5790,5379.08,3467.15,-9035.96,3670.88
1939,-18734.8,-5269.8,2857.27,4028.72,-8344.37,3949.5
1950,-19983,-4648.98,-119.788,4242.97,-7606.3,4111.8
1959,-20470.8,-5382.5,-3177.03,3761.38,-6500.04,3917.64
1970,-20533.9,-5385.65,-5237.22,2935.7,-5183.23,3465.91
1979,-20465.5,-4502.17,-5434.98,1786.16,-3626.98,2671.13
1989,-20183.2,-4541.62,-4472.38,763.53,-2242.59,1848.7
1999,-19360.2,-1231.76,-2963.91,-6.97632,-1124.87,1121.16
2010,-12873.3,-533.576,-4933.13,-538.181,334.505,329.531
2019,-11681.5,7074.64,-3408.9,-1303.54,1795.6,-501.175
2030,-7886.77,6652.86,109.28,-2069.04,3007.28,-1369.94
2039,-6245.01,-7198.91,527.824,-2321.03,4535.03,-1597.95
2049,-8388.81,-8877.49,4059.86,-2202.02,5882.82,-1635.76
2059,-9953.05,-7169.75,7587.09,-1927.82,6704.26,-1586.41
2070,-10666.4,2229.62,8234.07,-1642.85,7203.21,-1536.13
2080,-10472.8,7471.56,8820.06,-1493.08,7327.56,-1321.7
2090,-9777.8,2226.76,8941.24,-1340.27,7557.25,-1318.16
2099,-10531.8,251.476,8775.79,-1528.01,7122,-1181.93
2110,-10172.3,-399.652,9164.64,-1647.41,6605,-1105.74
2119,-9912.62,311.035,9303.31,-1687.13,5972.8,-1109.19
2129,-9300.1,301.103,8811.45,-1760.7,5322.84,-1095.96
2140,-8648.88,-1179.49,8693.16,-1753.16,4675.47,-1101.36
2150,-7924.7,1687.45,8580.93,-1725.53,4026.98,-1080.29
2160,-7182.56,895.945,8252.34,-1723.02,3421.58,-1092.43
2170,-6471.25,-306.405,8167.07,-1687.82,2910.07,-1103.55
2179,-6022.6,1029.56,8017.66,-1651.86,2453.05,-1094.44
2189,-5532.48,156.956,7928.13,-1590.28,2064.64,-1072.95
2199,-5285.98,40.8956,7824.5,-1456.23,1739.91,-1008.36
2210,-4944.39,275.89,7688,-1285.38,1508.53,-909.888
2219,-4866.71,743.989,7631.6,-1134.31,1327.02,-799.51
2229,-4713.77,592.799,7566.88,-1006.24,1210.42,-696.208
2239,-4676.61,775.68,7509.9,-899.995,1147.34,-594.767
2249,-4587.69,1107.17,7482.72,-798.596,1089.07,-515.213
2259,-4452.55,1327.52,7415.38,-705.877,1057.45,-478.771
2269,-4389.24,991.352,7330.3,-611.702,1052.36,-465.816
2279,-4474.19,64.9352,7302.24,-506.761,1045.29,-455.053
2290,-4501.76,240.494,7247.39,-396.809,1013.83,-430.643
2299,-4439,164.449,7191.92,-297.047,992.666,-385.314
2310,-4388,317.045,7156.73,-207.838,980.933,-326.251
2319,-4362.4,557.305,7101.79,-142.47,986.346,-274.001
2330,-4346.72,559.73,7049.43,-86.7762,1002.88,-231.801
2340,-4371.78,468.173,6987.94,-36.821,1017.3,-199.641
2350,-4388.22,520.217,6899.95,5.34324,1023.64,-170.312
2360,-4350.18,781.022,6859.96,35.0746,1015.71,-167.05
2369,-4347.34,772.902,6793.97,59.8597,1008.77,-181.64
2379,-4480.67,1610.89,6713.98,76.2877,990.816,-200.112
2389,-4499.74,879.289,6642.38,97.8302,962.253,-238.89
2399,-4512.19,602.729,6622.31,113.064,900.802,-286.512
2409,-4504.15,461.673,6617.04,119.851,840.642,-323.409
2419,-4511.72,98.3673,6586.83,132.281,796.514,-340.727
2429,-4465.38,125.037,6678.67,142.025,760.211,-343.582
2439,-4424.3,251.904,6657.73,146.42,763.969,-327.666
2449,-4422.24,532.79,6617.79,150.936,791.975,-309.732
2459,-4433.39,672.479,6591.83,156.949,874.98,-287.386
2469,-4405.51,492.048,6617.46,156.359,979.184,-269.309
2479,-4361.61,702.605,6635.97,146.687,1147.75,-255.247
2489,-4324.09,421.26,6750.78,157.95,1341,-237.998
2499,-4395.27,598.326,6770.22,179.36,1623.6,-227.998
2510,-4435.42,445.033,6746.18,205.088,1983.08,-229.198
2519,-4525.13,694.303,6705.74,214.27,2372.86,-223.159
2530,-4772.91,847.03,6630.19,254.416,2726.89,-212.327
2539,-4971.53,619.303,6653.75,289.733,3101.11,-175.662
2550,-5238.02,522.73,6665,277.786,3520.89,-152.729
2560,-5308.02,-390.527,6896.8,151.829,4031.31,-118.783
2570,-5114.41,166.147,7081.84,-1.53673,4562.25,-86.8267
2580,-5169.93,724.015,7155.07,-139.229,5350,-32.6614
2590,-5456.34,1022.8,7062.06,-304.384,6167.4,-27.9291
2600,-5695.08,1419.88,7052.05,-496.707,7159.92,-68.5433
2610,-5698.46,1857.39,6976.04,-629.965,8199.94,-129.235
2619,-6086.37,3049.54,6881.23,-586.572,9350.95,-280.588
2630,-6033.49,1069.95,6273.78,-482.858,10209.6,-378.67
2640,-7123.2,2286.8,6407.03,-64.0863,11621.2,-537.136
2650,-8382.16,3454.28,6711.62,483.531,12747.8,-631.309
2659,-10528.9,2086.03,7960.9,1137.42,13602,-905.247
2670,-11306.3,3940,8498.72,1987.34,14074.4,-1182.2
2680,-12826.7,8261.8,10327.4,3163.47,14017.3,-1406.56
2690,-16814.9,-538.22,10213.5,4101.98,13503.7,-1881.25
2700,-12770,-907.022,12215.2,4181.58,12739.7,-2669.8
2710,-12048,9051.5,14883.8,3858.67,11521,-3315.84
2719,-13794.4,14543.8,18460.4,3658.93,10534.6,-3506.47
2730,-12202.3,14770.8,21321.7,3423.55,8686.08,-3416.98
2739,-10612.2,10136.9,21256.6,2631.04,6313.06,-3196.38
2750,-8672.99,7506.29,20130.9,1879.63,3843.85,-2883.9
2760,-6691.59,5007.63,18185.1,1211.5,1727.88,-2503.92
2770,-5143.67,3706.56,16154.5,763.203,-9.89734,-2116.54
2780,-4163.74,2921.26,14493.6,567.762,-1499.92,-1658.23
2790,-3597.39,3119.93,13148.5,492.81,-2815.33,-1205.39
2800,-3313.91,3591.59,11994.8,459.248,-4036.27,-797.708
2809,-3221.93,3543.36,10961.8,406.398,-5120.81,-459.966
2819,-3334.74,3266.74,10126.3,311.919,-6110.85,-194.973
2830,-3646.2,2931.27,9413.4,228.935,-7011.48,25.4215
2839,-4468.56,3525.93,8943.92,135.948,-7811.98,197.937
2850,-5044.04,2312.79,8506.74,188.158,-8481.19,374.55
2860,-5404.84,2065.48,7811.39,310.727,-9151.55,562.44
2869,-5627.07,2636.55,7484.31,464.581,-9665.24,741.552
2879,-5969.25,2781.85,7020.65,678.265,-10060.2,946.242
2889,-6217,2762.19,6713.32,908.012,-10328.4,1167.99
2900,-6641.2,2493.82,6568.66,1188.61,-10454.5,1455.99
2910,-7201.76,2535.38,6711.72,1454.09,-10517.2,1783
2920,-7928.21,2597.14,7043.38,1721.47,-10557.5,2189.4
2931,-8586.17,2941.71,7438.3,1936.58,-10595.4,2609.92
2940,-9077.33,3697.97,7865.44,2027.26,-10624.6,3077.33
2951,-9558.67,3170.6,8452.35,2022.01,-10597.6,3523.87
2960,-10114.1,1982.06,9095.88,1932.21,-10582.5,3989.09
2971,-10704.5,1528.41,9887.11,1838.37,-10566.4,4404.47
2981,-11388.4,1060.04,10752.5,1752.69,-10583.9,4767.58
2990,-12119.9,662.204,11639.2,1702.15,-10611.5,5055.86
3000,-13072.7,699.82,12591.4,1701.52,-10693.4,5233.89
3009,-14459.8,1722.38,13605.5,1684.62,-10825.3,5277.11
3019,-15968.2,2532.04,14098.8,1585.09,-11052.5,5088.89
3029,-17269.4,1891.2,13560.6,1479.88,-11270.4,4786.31
3039,-18315.5,439.32,12302.1,1582.9,-11354.7,4371.05
3050,-19264.8,-3683.87,9811.68,1967.32,-11262,4004.84
3060,-20214.6,-8725.79,6885.75,3006.06,-10895.8,3902.67
3070,-22016.5,-11006.6,2882.2,4297.85,-10448.4,4016.94
3079,-23626.8,-7847.06,-1289.04,5222.68,-9735.73,4150.15
3089,-24141.9,-5126.31,-5153.63,5341.74,-8698.19,4020.52
3099,-23735.1,-3479.03,-7941.71,4107.59,-6964.95,3327.22
3110,-22775.3,-3890.3,-8841.77,2341.27,-5021.36,2339.37
3120,-22183.4,-4723.43,-7475.01,481.819,-2987.49,1181.9
3130,-21834.3,-5535.74,-5188.41,-823.345,-1346.19,224.719
3140,-21342.3,-5460.37,-2973.13,-1278.88,-255.752,-336.025
3150,-19710.2,-1127.44,-883.302,-1261.5,391.199,-573.42
3160,-11730.6,17973.7,5846.76,-1639,1165.16,-553.936
3170,-6139.25,9195.37,3679.01,-2012.8,2409.13,-980.549
3179,-2168.2,-6523.46,2867.2,-2481.84,4163.9,-1408.64
3190,-4899.76,-10159.9,5619.76,-2167.07,5778.72,-1338.31
3199,-8531.01,-8430.19,9345.41,-1855.86,6792.58,-1115.45
3210,-8191.21,490.78,10206.3,-1605.89,7392.66,-1178.96
3220,-9091.77,7848.48,10454.7,-1490.31,7714.13,-1115.77
3230,-13827,7655.45,8347.33,-2064.25,7753.5,-869.614
3239,-13374.4,-8392.85,8950.26,-2258.6,7066.8,-1015.69
3250,-12420.3,-4187.29,8912.21,-2177.48,6383.64,-1048.95
3259,-11648.7,4000.27,8957.37,-2195.18,5564.11,-1083.56
3270,-10572.9,-595.373,9291.1,-2175.75,4745.69,-1170.85
3280,-9999.14,507.463,8846.48,-2086.2,3966.95,-1168.68
3290,-9246.52,722.146,8601.98,-1962.16,3283.36,-1130.34
3299,-8347.61,1047.81,8511.58,-1779.53,2672.29,-1047.28
3310,-7491.69,804.981,8302.07,-1600.22,2172.43,-962.22
3320,-6706.55,467.498,8120.45,-1409.18,1785.15,-876.976
3329,-6145.64,509.35,7919.56,-1224.94,1489.92,-783.181
3339,-5612.11,1055.33,7771.65,-1064.55,1281.33,-693.545
3350,-5183.69,548.333,7690.92,-918.242,1138.87,-610.236
3360,-4950.95,-168.367,7648.74,-770.594,1065.49,-491.789
3369,-4684.76,1946.96,7757.39,-652.675,1042.99,-374.831
3379,-4519.41,1179.3,7630.31,-572.74,1060.4,-307.065
3389,-4443.13,1381.53,7524.25,-510.992,1074.12,-278.452
3399,-4431.3,1158.75,7449,-447.794,1095.09,-279.161
3410,-4317.04,1165.28,7384,-383.835,1120.07,-288.529
3419,-4286.83,829.328,7328.4,-308.068,1169.86,-306.423
3430,-4242.67,97.3328,7229.12,-216.654,1218.29,-305.739
3439,-4249.33,448.933,7279.3,-148.123,1284.03,-296.191
3449,-4291.47,469.693,7215.84,-78.4988,1340.82,-278.953
3459,-4378.37,340.369,7103.07,-14.799,1379.66,-249.562
3470,-4410.7,565.037,7025.26,38.3608,1417.33,-222.85
3480,-4407.76,1138.3,6941,81.0886,1445.06,-208.28
3489,-4387.01,904.03,6926.8,123.871,1465.25,-215.824
3500,-4434.01,1039,6825.84,154.097,1461,-253.459
3510,-4532,924.7,6755.07,183.277,1441.2,-296.167
3519,-4595.2,1176.07,6667.66,207.222,1412.96,-344.334
3529,-4608.16,693.607,6577.73,227.978,1393.17,-383.467
3540,-4647.33,477.961,6549.38,237.382,1374.13,-413.174
3549,-4709.46,252.996,6531.51,247.506,1320.11,-412.339
3559,-4727.57,376.3,6527.6,236.404,1276.29,-387.471
3569,-4692.86,638.83,6548.48,226.924,1274.23,-366.177
3579,-4696.29,792.883,6518.79,219.539,1315.38,-351.942
3590,-4680.23,550.888,6533.43,213.231,1387.31,-337.753
3599,-4650.98,703.089,6549.14,212.385,1502.05,-319.003
3610,-4683.99,577.909,6545.71,217.108,1651.44,-305.802
3619,-4843.59,768.791,6536.97,220.486,1858.75,-300.242
3630,-4828.07,1072.28,6490.38,266.589,2144.6,-319.593
3639,-4922.06,643.628,6515.9,322.871,2428.68,-302.875
3650,-5013.25,566.563,6543.92,350.497,2710.34,-284.9
3659,-5174.2,740.656,6533.14,360.398,3077.67,-266.92
3670,-5028.56,790.466,6516.51,293.118,3468.34,-247.536
3680,-6355.65,57.4466,6476.01,201.694,4081.87,-124.429
3690,-6371.72,302.745,6810.41,84.1556,4730.5,-48.1429
3700,-5418.57,-81.3255,6525.52,-37.8755,5506.8,-35.9143
3710,-5930.06,2331.87,7039.62,-168.3,6300.44,-120.731
3720,-6166.45,2171.79,7295.7,-206.84,7225.15,-291.985
3730,-5531.56,-2.42139,7593.36,-158.472,8119.32,-476.788
3740,-5593.25,516.358,7705.09,-117.178,9126.26,-478.431
3750,-5046.2,3025.24,7928.87,-18.3422,10576.2,-369.344
3760,-6790.16,3987.12,8146.69,298.326,11952.4,-314.476
3770,-8431.73,3739.51,7844.96,671.261,13099.1,-334.38
3780,-10479.8,3964.95,9012.76,1204.21,14013.1,-482.104
3790,-11811.8,4221.5,8885.81,1767.77,14542.7,-776.083
3800,-12180.3,5021.15,10765,2490.61,14633.3,-1253.07
3810,-12172.2,223.115,11165.6,3580.49,14355.7,-1473.65
3820,-12410.2,1176.11,12953.7,4133.79,13533.1,-1708.52
3830,-14644.9,4390.81,14420.6,4186.03,12260.9,-1964.42
3839,-18269.5,11550.5,16709.7,4387.23,10752.3,-2258.73
3850,-17208.8,14561.4,19921.1,4599.38,8437.46,-2311.99
3860,-14838.7,12185.9,20813.7,3914.31,5505.37,-2371.79
3870,-12083.3,9147.59,19663.8,3024.44,2730.09,-2367.63
3880,-9657.47,6129.36,17937.4,2036.36,424.474,-2342.71
3890,-7657.98,3865.54,15987.5,1218.88,-1434.42,-2247.56
3900,-6356.78,3703.95,14268.4,690.307,-3026.54,-2069.85
3910,-5703.82,3624.8,12913.9,357.046,-4420.63,-1850.88
3920,-5304.66,3841.88,11755.9,186.437,-5701.1,-1558.91
3930,-5108.93,4246.99,10682.8,70.3494,-6799.08,-1269.92
3940,-5101.54,4661.9,9834.21,-58.7205,-7761.47,-1002.14
3950,-5338.83,3664.79,8961.37,-222.576,-8613.57,-768.111
3960,-5593.87,3914.28,8571.09,-317.261,-9420.46,-547.689
3970,-5855.49,3417.23,7891.67,-362.809,-10040.4,-361.951
3980,-5941.99,2949.92,7257.34,-241.047,-10522.5,-143.561
3990,-6062.8,2334.39,6665.87,12.7623,-10843.4,101.151
3999,-6281.44,2190.04,6346.3,457.41,-10984.5,416.321
4010,-6796.35,2857.8,6380.24,931.728,-11049.6,745.857
4019,-7387.88,3342.18,6638.99,1367.78,-11083.3,1124.69
4030,-8082.7,3851.42,6959.19,1693.83,-11112.6,1501.55
4040,-8644.56,4006.74,7274.95,1881.46,-11126.3,1937.04
4050,-9048.85,4310.27,7679.16,1960.97,-11109.2,2388.63
4060,-9404.28,3095.03,8051.33,1957.97,-11023.4,2900.1
4070,-9733.82,1349.9,8567.06,1970.58,-10911.5,3409.08
4080,-10246.3,307.79,9280.45,2058.66,-10760.6,3938.27
4090,-10921.4,172.979,10110,2181.93,-10631.7,4416.01
4100,-11736.3,560.898,10973.6,2288.15,-10566.2,4788.41
4110,-12725.9,1213.49,11796.5,2330.72,-10554.3,5030.13
4120,-13752.7,1356.15,12561.2,2269.77,-10615.1,5075.1
4130,-14989.4,2115.61,12864.5,2178.82,-10736.4,5005.88
4140,-16266.3,823.562,12559.6,2115.25,-10858.8,4703.51
4150,-17339.4,-83.2438,11244.5,2158.2,-10955.2,4312.2
4160,-18072.7,-1642.72,9456.8,2551.96,-10841.6,3873.36
4170,-18547.4,-4234.07,6990.64,3201.57,-10535.9,3553.89
4180,-19452.7,-7700.81,4545.71,4247.26,-9974.28,3549.71
4190,-21324.6,-6980.08,1198.97,5231.6,-9394.03,3714.77
4199,-22654.1,-5282.61,-2287.22,5559.88,-8582.62,3828.02
4210,-22702,-3694.46,-5615.38,5182.91,-7471.7,3701.21
4219,-21931.6,-2610.45,-7917.9,3760.93,-5710.36,3064.97
4230,-21328.9,-2752.24,-7852.32,2080.74,-3852.49,2211.58
4239,-21041.9,-3013.02,-6405.06,542.793,-2136.19,1267.66
4250,-20849.5,-3089.5,-4209.25,-429.766,-868.551,543.129
4260,-19262.8,-362.95,-2323.8,-728.213,-48.6404,181.103
4270,-17275.5,2060.7,-841.438,-765.17,597.688,21.4824
4280,-9803.57,8466.27,3622.05,-1604.54,1507.75,-80.8141
4290,-6861.66,5254.83,1431.64,-2375.03,2877.4,-262.251
4300,-3260.53,-10472.5,1054.51,-3252.22,4344.32,-941.801
4310,-4065.22,-17187.9,3554.01,-3171.98,5807.86,-1024.24
4319,-7558.18,-13651,6885.61,-2779.78,6916.08,-906.193
4329,-8785.34,-4270.3,8520.09,-2261.83,7676.47,-1092.55
4339,-10048.7,8686.37,8798.47,-1877.86,7976.97,-1107.04
4350,-11560.1,15196.6,8809.17,-2345.09,8035.78,-1137.83
4360,-11422.9,-7730.54,9234.54,-2442.07,7386.82,-1158.67
4370,-10171.9,-9179.05,8542.43,-2258.06,6647.06,-1210.73
4379,-9437.14,6345.09,8569.95,-2129.85,5774.25,-1094.39
4389,-9125.31,-357.291,8436.76,-2133.28,4933.8,-1099.11
4400,-8353.85,-215.729,8621,-2106.02,4110.24,-1087.49
4410,-7684.28,1395.03,8496.4,-2017.42,3401.99,-1058.39
4420,-7088.62,789.303,8332.72,-1848.93,2794.79,-995.312
4430,-6570.1,1531.53,8146.58,-1687.95,2296.83,-922.45
4440,-6123.68,442.953,8070.86,-1490.96,1884.07,-838.76
4450,-5658.54,631.095,7937.89,-1289.97,1548.85,-756.008
4460,-5364.83,178.31,7827.51,-1076.97,1306.88,-650.206
4470,-4948.27,602.831,7724.41,-896.978,1130.11,-546.365
4480,-4527.81,288.883,7631.53,-746.783,1043.49,-448.692
4490,-4233.85,280.888,7551.62,-621.026,1020.19,-366.554
4499,-4207.08,631.089,7439.3,-502.621,1082.35,-285.843
4509,-4181.26,1015.31,7401.04,-420.097,1138.68,-225.874
4520,-4157.81,936.731,7310.83,-344.477,1219.74,-202.299
4529,-4253.45,1571.47,7283.86,-281.382,1276.4,-174.84
4539,-4334.76,1181.35,7237.49,-232.305,1318.72,-165.872
4549,-3993.41,913.735,7254.79,-167.844,1413.17,-169.697
4560,-4077.93,535.974,7243.83,-100.075,1566.54,-169.958
4569,-4245.14,325.397,7148.27,-27.4604,1674.83,-145.766
4580,-4256.91,1317.74,6992.61,31.2317,1740.86,-111.213
4589,-4342.33,975.974,6860.89,84.3854,1773.89,-81.7704
4599,-4401.46,1273,6792.71,131.708,1791.51,-61.4163
4609,-4473.57,1210.9,6669.77,166.967,1793.41,-63.1331
4619,-4416.06,1213.69,6623.02,194.173,1792.33,-78.5065
4629,-4512.45,1080.77,6526.41,217.739,1796.26,-117.405
4639,-4636.76,1022.48,6448.73,233.991,1765.21,-168.724
4650,-4664.21,1007.65,6394.98,237.393,1693.77,-235.179
4660,-4683.76,966.565,6347.59,219.714,1620.01,-320.543
4670,-4783.01,886.856,6254.07,191.571,1543.81,-400.835
4680,-4838.01,772.686,6240.86,160.657,1461.45,-475.468
4689,-4936.41,637.069,6220.28,123.126,1361.76,-524.374
4699,-4967.93,614.507,6239.43,107.101,1272.41,-563.899
4709,-4971.14,855.251,6323.54,93.2804,1216.13,-580.12
4720,-4996.91,729.925,6362.43,97.2243,1232.3,-581.696
4729,-5015.13,830.792,6387.15,126.379,1290.24,-575.357
4739,-5022.5,288.279,6350.92,163.904,1382.59,-577.285
4749,-5014.8,491.428,6334.33,198.923,1506.27,-544.228
4760,-5019.04,833.943,6336.67,225.938,1654.82,-502.183
4770,-5094.83,976.194,6366.93,244.151,1856.86,-471.746
4779,-5257.07,877.019,6385.95,270.521,2079.48,-452.397
4789,-5257.65,391.902,6427.96,254.216,2357.59,-423.117
4799,-5019.32,-423.41,6906.37,298.773,2771.07,-380.294
4809,-4599.46,-378.941,6886.29,194.018,3261.86,-315.035
4819,-4388.77,-156.694,6868.23,90.2148,3791.08,-234.228
4829,-4353.81,562.131,6788.99,-34.6282,4469.27,-216.383
4840,-4757.05,1633.01,6838.79,-123.503,5148.61,-240.306
4849,-4622.84,1272.1,7133.03,-171.002,5942.09,-303.045
4859,-4759.87,1680.61,7946.83,-197.802,6749.27,-407.836
4870,-4665.5,1039.26,7523.86,-151.841,7708.62,-436.669
4879,-2929.2,-1039.07,9709.49,-55.273,8625.89,-446.935
4889,-3408.96,13.0927,9742.39,232.382,10088.1,-280.548
4899,-5875.97,3583.31,9368.71,564.705,11333.5,-160.638
4909,-8125.17,4188.73,8856.97,1083.56,12513.6,-336.911
4919,-10158.9,2501.47,9567.98,1842.05,13421.1,-537.129
4930,-11604.8,5473.75,9559.58,2546.44,13862.3,-916.503
4939,-12906.2,5247.17,10253.7,3199.95,13821.8,-1470.2
4949,-13169,1876.52,11044.5,4072.56,13377.6,-1869.76
4960,-12828.4,1325.25,12080.4,4622.45,12512.7,-2278.81
4970,-16816.3,2647.12,13513.1,4587.36,11177.8,-2613.45
4980,-17187.8,12477.7,17359.7,4673.09,10260.8,-2905.36
4990,-16693.1,12256.6,19329.8,4369.27,8196.05,-3075.49
5000,-13893.7,11951.9,19782.2,3667.22,5873.04,-3062.99
5010,-11086.5,8812.79,18317.4,2624.37,3466.24,-2958.19
5020,-8573.62,5910.48,16460.7,1637.7,1505.79,-2850.35
5030,-6606.1,3289.25,14752.6,886.559,-76.7697,-2660.88
5039,-5704.88,3039.72,13382,419.247,-1471.42,-2414.11
5049,-5111.5,3174.97,12328.4,263.198,-2881.53,-2036.48
5059,-4528.8,3604.3,11323.1,233.958,-4194.63,-1636.59
5069,-3961.44,4115.23,10259.7,252.166,-5388.1,-1228.47
5079,-3657.95,4369.72,9405.78,219.533,-6382.48,-874.776
5090,-3884.76,3842.57,8493.82,102.627,-7288.98,-543.421
5099,-4076.61,3312.86,8128.66,-15.0988,-8057.59,-284.937
5110,-4336.49,2822.49,7718.12,-111.479,-8767.27,-28.1494
5119,-4523.99,2584.45,7461.7,-75.5832,-9377.22,254.281
5129,-4859.59,2191.64,7219.76,68.1334,-9866.57,548.824
5140,-5292.07,2128.96,7061.81,365.107,-10258.3,882.66
5150,-5777.66,2273.9,6997.05,701.685,-10553.8,1217.53
5160,-6328.53,2677.19,7023.24,1023.55,-10764.2,1540.62
5170,-7042.02,3142.32,7353.79,1279.64,-10906.8,1879.9
5179,-7680.02,2726.23,7635.83,1455.31,-11005.8,2216.12
5189,-8221.61,2051.02,7675.87,1578.05,-11025.7,2584.49
5200,-8528.89,2406.5,7932.29,1665.24,-10969.1,2963
5210,-9105.91,2469.05,8413.83,1711.79,-10799.3,3389
5220,-9822.33,2828.1,9173.47,1719.43,-10608.2,3792.4
5230,-10899.9,2820.81,10391.2,1628.75,-10457.4,4175.72
5239,-12027.9,2434.88,11623.7,1503,-10378.7,4496.97
5249,-13163.1,1454.89,12553.8,1375.4,-10403.4,4733.58
5259,-14378.5,665.689,13037,1327.12,-10453.5,4892.26
5269,-15986.8,989.969,12912.8,1413.49,-10537.4,4927.61
5280,-17579.8,1951.2,12500.7,1507.2,-10626.9,4822.89
5290,-18777.9,1032.12,11267.3,1591.36,-10716.9,4474.91
5299,-19514.3,-863.388,9441.46,1762.89,-10742.9,4083.73
5310,-19671,-5146.14,6709.97,2285.91,-10521,3795.18
5319,-20472,-10783.6,3654.38,3124.53,-10114.2,3755.55
5329,-22205.6,-8942.56,-208.499,4368.62,-9565.53,4020.84
5339,-23535.3,-7363.46,-3813.6,5327.9,-8954.63,4226.87
5349,-23317,-4804.35,-6964.48,5470.92,-7936.9,4114.3
5360,-22083.6,-2789.83,-9015.98,4470.53,-6272.32,3407.64
5370,-20510.9,-1423.78,-9377.19,2899.23,-4410.06,2390.31
5380,-19726.7,-1314.18,-8197.35,1155.98,-2551.05,1242.85
5390,-19879,-4030.22,-5246.28,-150.215,-1063.24,241.078
5400,-12982.8,-5340.42,-1587.82,-1057.57,324.411,-446.138
5410,-11701,7290.56,-1363.46,-2002.06,1841.93,-983.51
5420,-7274.82,-6123.54,426.833,-2746.85,3044.34,-1674.41
5430,-6103.46,-17420.8,1087.47,-2488.68,4858.27,-1574.53
5440,-9783.17,-8855.68,5072.37,-2040.14,6385.22,-1458.02
5449,-11965.3,2446.23,6838.3,-1752.91,7275.58,-1528.42
5460,-13850.7,19952.8,9552.64,-2036.73,7648.26,-1445.33
5469,-12020.1,-1745.12,9883.71,-2534.58,7275.81,-1509.27
5480,-13298.1,-16628.3,11064.6,-2284.27,6630.65,-1555.81
5489,-10778.1,3999.97,10077.7,-2070.81,5836.52,-1328.65
5500,-10132.5,9432.4,9486.12,-2240.45,5048.81,-1316.92
5509,-9350.77,-1844.96,9157.3,-2270.96,4229.25,-1414.34
5520,-8379.42,1484.1,9123.44,-2266.17,3432,-1409.67
5530,-7650.34,886.41,8864.75,-2144.94,2829.4,-1318.74
5540,-7154.67,349.641,8999.4,-1980.35,2282.32,-1256.19
5550,-6755.33,1566.76,8827.92,-1750.28,1790.26,-1134.95
5560,-6306.67,1206.08,8422.34,-1540.02,1382.61,-1020.76
5569,-5909.33,856.808,8173.47,-1383.22,1060.08,-926.808
5579,-5447.47,289.081,8003.98,-1245.77,801.667,-848.647
5589,-5083.97,527.508,7823.58,-1125.42,631.934,-760.717
5600,-4753.58,781.751,7702.06,-1009.54,522.747,-676.374
5609,-4874.86,63.7751,7667.25,-895.629,479.598,-603.099
5620,-4879.89,368.177,7545,-777.703,443.078,-508.879
5629,-4655.11,490.418,7434.4,-646.762,453.463,-423.303
5640,-4491.69,520.642,7399.92,-535.81,454.97,-341.843
5650,-4396.95,1150.06,7349.94,-440.648,465.576,-284.274
5660,-4315.56,1115.81,7281.95,-360.118,471.861,-240.019
5669,-4260.05,1058.38,7218.76,-283.295,459.889,-214.015
5680,-4176.84,888.838,7167.01,-217.236,442.511,-194.212
5690,-4097.07,738.684,7140.41,-154.189,433.409,-183.77
5700,-4046.06,556.268,7131.52,-96.3509,443.127,-168.816
5710,-4045.65,518.227,7092.02,-44.8807,467.302,-146.253
5720,-4059.72,600.823,7048.02,-5.90454,479.641,-123.002
5730,-4059.37,841.282,7015.21,25.2764,474.913,-103.602
5740,-4049.9,856.328,6985.77,48.8211,456.73,-92.4814
5750,-4053.12,825.433,6940.62,69.4569,438.984,-87.7851
5760,-4075.7,991.543,6912.49,77.9655,412.587,-92.8281
5769,-4061.76,995.554,6870.79,81.9724,368.27,-101.062
5779,-4048.6,992.355,6882.64,79.3779,319.216,-116.25
5789,-4042.48,860.636,6874.91,76.7023,271.373,-133.4
5799,-4047.99,788.064,6895.93,76.9619,228.298,-152.92
5810,-4046.79,555.806,6957.14,79.9695,212.439,-164.936
5820,-4046.23,712.581,6997.71,73.3756,211.151,-170.149
5829,-4021.39,829.058,7000.57,68.3005,225.921,-172.719
5839,-3999.91,723.706,7002.86,67.4404,255.137,-175.775
5849,-3951.13,723.971,7004.29,71.9523,323.309,-182.22
5860,-3912.5,948.997,7023.43,86.5618,421.847,-192.176
5869,-3974.8,645.7,7020.34,102.249,531.278,-203.341
5880,-3981.04,793.57,7050.27,124.4,627.822,-211.673
5890,-3992.83,817.357,7045.82,150.12,752.658,-222.938
5900,-4012.67,652.336,7054.66,185.296,883.126,-240.151
5911,-3984.53,527.834,7054.12,212.837,1049.1,-245.72
5920,-4027.23,625.183,7007.3,234.869,1224.08,-263.976
5931,-4011.78,409.918,7053.44,243.495,1417.46,-264.381
5941,-4027.42,364.992,7119.15,237.396,1628.77,-241.105
5950,-4042.74,614.299,7095.32,216.917,1888.22,-203.884
5961,-4106.59,828.23,7103.06,200.334,2166.17,-163.307
5971,-4239.67,1056.62,7123.25,167.867,2525.14,-145.846
5981,-4301.34,910.262,7116.6,136.694,2930.31,-148.677
5990,-4606.67,1430.23,7118.08,166.955,3400.65,-145.341
6000,-4576.94,243.823,7297.26,194.764,3910.12,-193.073
6009,-4729.55,-18.8177,7329.01,37.2111,4628.3,-215.858
6019,-4647.24,379.718,7600.81,-87.2311,5404.44,-267.487
6029,-5038.59,829.972,7757.05,-301.585,6291.15,-320.989
6040,-5038.87,1542.8,7622.84,-457.268,7107.12,-395.591
6049,-4667.5,993.08,7851.87,-593.214,8227.9,-508.273
6060,-5280,1283.71,7645.1,-639.571,9407.52,-593.619
6069,-5818,2612.37,7823.28,-408.857,10700.2,-707.495
6080,-6095.6,4392.24,7979.82,-32.6857,11867.4,-864.796
6090,-7935.28,5180.42,8317.86,358.251,12775.9,-1284.64
6099,-9424.22,2220.84,8682.29,698.201,13388.5,-1725.11
6109,-10488.2,2929.28,9029.03,1386.76,13535,-2229.09
6120,-11086.5,3342.13,9568.42,2245.61,13351.2,-2819.67
6130,-10788.8,2134.21,10728.7,3063.29,12832.8,-3304.54
6139,-7476.67,3683.82,11674.2,3426.23,12112.2,-3736.03
6149,-6270.13,4560.58,13647,4055.18,10362.2,-4111.42
6159,-8808.51,11117.5,15656,3892.55,9101.54,-4081.34
6169,-8701.61,10153.1,18333.6,3501.04,7011.03,-3842.47
6180,-7668.88,10017.1,18125.7,2866.83,5005.82,-3588.78
6189,-5771.11,8543.71,17503.3,2027.26,2935.86,-3233.42
6200,-4262.49,5366.97,15887.9,1292.61,1199.09,-2851.94
6209,-3131.19,3546.3,14259.9,842.689,-250.931,-2378.95
6219,-2692.55,2523.63,12935.5,635.751,-1532.34,-1884.16
6230,-2664.44,3184.56,11962.8,632.201,-2802.48,-1312.73
6240,-2663.15,3558.46,11219,663.561,-3962.18,-789.782
6250,-2686.12,3581.45,10475.2,647.049,-5062.94,-306.626
6260,-2811.3,3230.94,9808.19,576.239,-6020.16,100.899
6269,-3139.84,2726.09,9340.15,479.391,-6887.72,424.52
6280,-3089.47,1993.41,9375.32,435.913,-7688.58,681.616
6290,-4056.38,1034.54,8799.86,549.33,-8467.46,922.892
6300,-4531.9,29.6541,8253.49,763.064,-9151.37,1129.51
6310,-4822.72,85.7654,7849.59,1135.05,-9666.7,1308.41
6319,-5055.38,168.777,7447.27,1534.04,-10010.4,1465.33
6330,-5450.7,544.278,7229.02,1958.83,-10174.9,1634.06
6340,-6018.56,697.028,7233.21,2319.27,-10229.3,1817.85
6349,-6660.85,773.503,7362.97,2601.41,-10197.2,2066.28
6359,-7186.28,527.35,7524.38,2804.93,-10119.6,2342.82
6369,-7578.22,239.935,7717.5,2931.94,-9940.28,2663.66
6380,-8000.18,110.394,8030,2993.36,-9703.82,2944.33
6389,-8616.14,320.639,8552.4,2958.88,-9416.06,3117.26
6399,-9632.51,989.664,9281.92,2861.31,-9189.05,3187.01
6409,-10752.8,172.766,9962.34,2773.85,-9059.24,3154.21
6419,-11732.6,593.277,10361.5,2692.28,-9034.59,3106.17
6429,-12500.9,1704.53,10448.4,2602.02,-9085.27,3076.33
6440,-12991.9,3000.05,10005.1,2473.02,-9118.02,3088.07
6449,-13337.1,3649.81,9450.48,2293.61,-9042.21,3173.65
6460,-13855.3,3819.18,8903.58,2098.89,-8897.37,3301.32
6469,-14442.7,3164.72,8433.27,1942.91,-8697.7,3501.06
6480,-14904.5,1585.47,7673.81,1868.93,-8500.16,3734.25
6490,-15048,441.147,6448.25,1877.34,-8224.13,4026.2
6499,-15033.6,-274.485,4993.4,1894.28,-7852.9,4319.16
6509,-15114.5,-1505.25,3498.72,1899.82,-7267.72,4624.13
6519,-15994.4,-4722.52,1903.78,1964.66,-6671.98,4920.3
6529,-16778.3,-5559.05,184.221,2036.72,-6033.98,5136.24
6540,-17051.9,-5815.51,-1524.22,2026.18,-5352.99,5211.59
6549,-16889.5,-5158.95,-2916.98,1781.14,-4428.19,5027.67
6559,-16260,-3637.1,-3643.98,1352.72,-3413.95,4682.34
6569,-15522.4,-2737.91,-3705.19,670.772,-2275.16,4128.67
6579,-14787.9,-2334.79,-2906.55,18.4176,-1221.53,3563.74
6589,-15259.1,6377.92,-2697.64,-387.266,659.377,2563.99
6600,-13594.1,5413.19,-3034.91,-738.813,2086.1,1723.39
6609,-10300.5,4562.52,852.871,-1154.05,3229.88,500.713
6619,-6955.19,-911.748,1784.7,-1588.84,4361.71,-333.629
6630,-7114.55,-4187.97,3046.56,-1414.07,5810.56,-586.904
6640,-7662.04,-5241,5367.65,-1136.06,7127.25,-673.123
6649,-8066.83,-3013.5,6407.72,-650.446,8215.2,-771.698
6660,-11551.9,18708.4,10402.6,-927.357,8914.76,-1105.76
6670,-14987.5,12843.6,9358.46,-2042.49,8900.21,-1693.81
6680,-14670.8,-16397,12355.6,-2379.99,8257.77,-2255.65
6690,-14111.4,-13354.1,10963.3,-2920.99,7182.61,-2368.72
6700,-12408.3,3832.39,9354.2,-3089.59,6050.89,-2412.37
6710,-11333.5,-7666.36,10766.2,-3011.47,4933.31,-2366.3
6719,-10432.4,1193.56,10071.3,-2739.98,3874.25,-2142.04
6730,-9424.71,675.556,9436.26,-2401.58,3130.8,-1854.43
6739,-8653.37,456.356,8965.81,-2054.27,2498.04,-1620.34
6749,-7887.89,897.036,8624.25,-1726.81,1983.83,-1417.88
6760,-7183.91,555.904,8306.6,-1441.65,1568.67,-1231.9
6770,-6613.53,296.79,8074.08,-1205.72,1274.33,-1071.12
6780,-6150.42,697.479,7790.46,-1015.58,1030.27,-942.696
6789,-5823.94,426.148,7608.37,-846.661,848.213,-828.957
6800,-5576.35,1.21481,7492.7,-703.929,721.37,-716.966
6810,-5699.88,64.9215,7449.76,-610.543,615.496,-630.773
6820,-5571.51,1028.89,7312.21,-512.835,571.797,-526.018
6830,-5486,741.889,7162.96,-409.468,504.838,-455.014
6840,-5312.8,552.989,7053.17,-328.774,454.07,-386.612
6850,-5135.84,618.699,6981.34,-259.819,395.056,-329.289
6860,-5000.27,529.87,6914.67,-208.055,338.645,-283.631
6870,-4893.02,531.787,6860.54,-167.044,279.316,-246.505
6880,-4798.82,438.379,6835.63,-138.635,223.853,-218.204
6890,-4717.85,492.038,6817.3,-117.108,172.482,-193.963
6900,-4661.88,499.204,6793.04,-99.4867,129.186,-171.771
6910,-4613.91,498.12,6780.43,-84.9894,82.9486,-152.217
6920,-4544.32,528.612,6775.55,-73.5915,42.1589,-138.973
6930,-4482.26,573.061,6783.24,-57.2732,13.1271,-132.179
6940,-4433.81,541.506,6789.79,-38.2186,-3.69833,-129.743
6949,-4435.85,504.151,6687.83,-10.5748,-19.3587,-125.194
6959,-4419.08,462.615,6691.87,5.54013,-29.4869,-122.955
6969,-4406.46,438.661,6701.89,14.4321,-34.7895,-116.164
6979,-4389.97,411.066,6729.91,24.7457,-39.8316,-107.331
6989,-4366.78,437.107,6761.53,28.7965,-39.6653,-98.6652
7000,-4351.42,547.711,6780.42,31.4372,-41.1322,-92.9321
7010,-4351.14,506.571,6798.74,34.3498,-43.7058,-91.3457
7020,-4352.51,367.457,6807.79,32.2798,-46.1646,-86.8766
7029,-4360.41,389.546,6809.83,29.2239,-46.9317,-78.3013
7039,-4359.13,366.555,6829.07,24.1791,-45.1454,-68.241
7050,-4348.9,448.855,6832.05,18.1433,-39.7163,-57.5928
7059,-4342.72,500.286,6848.84,14.3146,-31.773,-44.2742
7070,-4343.38,496.429,6841.87,11.2517,-20.0184,-34.2194
7080,-4314.7,526.643,6825.1,10.8014,-10.2147,-27.5755
7090,-4293.36,565.664,6828.88,20.0411,7.62821,-22.4604
7100,-4295.09,594.766,6833.5,26.2329,25.3026,-20.9683
7110,-4304.07,563.477,6822.8,34.1863,41.4421,-22.3747
7120,-4326.86,479.348,6805.84,39.549,49.7536,-22.4997
7130,-4353.89,271.135,6774.27,39.0392,37.6029,-14.5998
7140,-4351.51,280.913,6787.42,29.2314,23.6823,0.520172
7150,-4353.61,661.691,6795.54,20.3851,14.1459,15.4161
7160,-4371.29,528.769,6803.23,17.1081,7.11669,22.1329
7170,-4392.23,438.077,6818.18,12.2865,-5.50665,32.9063
7180,-4402.18,490.208,6797.75,8.62917,-24.8053,42.5251
7190,-4391.35,392.821,6800.6,4.50334,-47.4443,51.82
7200,-4355.08,654.882,6784.88,-3.59733,-69.7554,53.056
7210,-4246.46,52.8882,7113.9,-17.8779,-71.8043,42.0448
7219,-4234.37,487.689,7049.92,-15.1023,-73.0435,26.8359
7229,-4221.9,513.169,6989.94,-11.8818,-73.0348,12.6687
7240,-4187.92,661.517,6956.35,-4.30547,-57.2278,-0.665047
7250,-4191.93,415.352,6938.28,6.95563,-29.3822,-13.132
7260,-4181.15,455.535,6931.42,15.1645,0.0942001,-20.1056
7270,-4207.72,472.154,6906.74,22.7316,28.8754,-23.4845
7280,-4236.97,419.815,6883.79,29.1853,50.7003,-25.5876
7289,-4272.78,427.182,6859.03,34.1482,60.3602,-22.0701
7300,-4284.62,530.518,6840.83,32.9186,60.6882,-21.0561
7309,-4303.7,627.252,6831.46,34.1349,51.1505,-23.4449
7320,-4312.96,518.125,6823.17,30.7079,38.3204,-28.1559
7330,-4325.97,527.013,6815.74,27.3663,19.8564,-33.9247
7340,-4305.17,464.901,6792.99,27.6931,2.88508,-36.7398
7349,-4275.34,500.09,6781.19,32.5544,-5.29194,-38.3918
7360,-4257.07,474.809,6807.75,37.8436,2.56645,-41.1134
7370,-4257.26,403.881,6802.6,40.0748,19.8532,-41.0908
7380,-4256.21,506.588,6836.48,40.2599,33.4825,-42.6726
7389,-4248.96,457.459,6879.99,42.2079,46.586,-44.3381
7400,-4263.97,501.146,6865.19,38.3663,55.4688,-44.2705
7410,-4273.58,518.115,6840.15,32.4931,57.9751,-46.0164
7420,-4284.06,581.011,6843.32,32.9944,57.78,-49.6131
7430,-4282.05,540.501,6832.26,32.7956,57.224,-54.8905
7440,-4292.04,505.85,6825.41,32.4364,53.3792,-59.7124
7451,-4293.63,516.785,6825.12,31.7492,49.3034,-65.3699
7460,-4275.71,543.078,6824.5,33.9993,44.6427,-68.8959
7470,-4257.36,488.108,6802.8,34.9995,45.3142,-74.7167
7481,-4253.89,486.211,6839.44,39.7996,50.4513,-78.5734
7490,-4263.51,469.821,6856.35,42.8397,67.5611,-80.6587
7500,-4280.41,390.782,6843.88,45.4717,81.8489,-82.127
7510,-4293.93,418.878,6827.5,46.1774,95.6791,-80.1016
7520,-4309.94,445.088,6814.4,44.9419,98.7433,-76.2813
7530,-4321.15,487.309,6816.72,42.9535,96.1946,-69.225
7540,-4338.92,498.731,6811.78,42.9628,93.3557,-66.18
7550,-4353.54,494.473,6800.62,41.9703,88.4846,-63.144
7560,-4363.63,463.447,6777.7,38.9762,77.3876,-62.1152
7569,-4364.1,474.745,6784.16,36.381,64.7101,-59.4922
7580,-4363.68,502.874,6787.33,36.7048,50.5681,-54.7937
7590,-4363.75,505.687,6789.06,37.1638,35.8545,-52.835
7600,-4347,570.769,6777.65,35.3311,27.2836,-53.468
7609,-4344.8,512.477,6792.12,33.6648,21.2269,-55.1744
7619,-4345.84,440.048,6796.9,35.3319,17.7815,-56.3395
7629,-4355.87,470.605,6792.32,35.4655,12.6252,-56.4716
7639,-4357.5,482.66,6779.05,32.7724,2.10015,-55.7773
7649,-4360,487.466,6777.64,31.0179,-15.5199,-54.4218
7660,-4371.2,502.347,6760.51,28.8143,-39.4159,-53.9375
7669,-4378.56,550.635,6758.01,28.0515,-67.1327,-52.55
7680,-4372.85,526.663,6760.01,32.4412,-103.106,-52.64
7689,-4362.68,495.466,6758.41,35.1529,-134.085,-53.912
7699,-4350.14,476.147,6756.33,42.5224,-166.068,-49.5296
7709,-4343.71,396.815,6767.86,48.0179,-191.654,-44.6237
7720,-4321.77,549.081,6794.69,54.6143,-208.124,-35.0989
7730,-4284.62,479.708,6822.55,61.6914,-215.899,-28.2791
7740,-4271.29,523.171,6800.44,62.9532,-209.319,-27.0233
7749,-4269.83,473.517,6832.35,70.3625,-203.655,-22.6187
7759,-4270.27,446.952,6823.48,67.09,-188.724,-19.4949
7769,-4271.01,473.095,6831.99,65.872,-174.579,-13.5959
7780,-4262.81,522.51,6842.79,68.4976,-164.663,-5.67675
7789,-4257.85,496.851,6847.03,69.3981,-157.131,1.0586
7800,-4226.28,571.685,6855.22,70.1185,-150.105,4.64688
7809,-4215.02,575.568,6863.78,72.4948,-143.084,4.5175
7819,-4212.02,557.957,6874.22,74.9958,-136.467,6.414
7830,-4213.61,545.396,6868.18,79.7967,-130.774,8.9312
7840,-4206.09,531.54,6874.14,83.8373,-126.019,12.945
7849,-4196.07,569.754,6883.31,82.8699,-124.415,14.356
7859,-4175.66,587.975,6884.65,81.6959,-115.532,11.6848
7870,-4171.73,526.798,6894.12,81.3567,-105.426,8.54782
7880,-4178.98,529.68,6891.3,81.8854,-97.5405,6.83826
7890,-4174.79,537.168,6897.84,81.3083,-91.6324,7.27061
7900,-4163.83,593.717,6906.67,83.2466,-83.5059,7.61648
7909,-4151.86,586.772,6903.74,83.7973,-74.4047,5.89319
7919,-4152.69,526.677,6898.19,82.4378,-66.5238,2.31455
7929,-4151.35,540.468,6905.35,77.9503,-59.419,-2.54836
7939,-4150.68,556.247,6905.08,74.5602,-54.7352,-5.83869
7950,-4142.55,539.825,6901.26,71.0482,-50.3882,-11.071
7960,-4143.24,550.782,6903.81,67.4385,-47.3105,-15.4568
7970,-4143.79,571.678,6893.45,66.3508,-44.0484,-15.7654
7980,-4145.43,580.968,6898.76,64.0807,-39.6388,-17.6123
7989,-4139.94,612.497,6907.01,64.2645,-37.511,-18.0899
8000,-4140.36,590.45,6904.81,65.0116,-33.4088,-23.0719
8010,-4133.48,534.245,6887.84,64.0093,-31.527,-24.2575
8020,-4137.59,580.825,6888.28,64.4074,-28.0216,-26.606
8030,-4142.07,603.482,6897.42,66.126,-25.4173,-28.2848
8040,-4148.06,582.348,6897.54,67.7008,-22.3338,-28.8278
8050,-4149.25,621.635,6886.83,67.9606,-17.8671,-31.6623
8060,-4151.8,612.964,6887.06,65.9685,-16.6937,-34.7298
8070,-4151.44,586.896,6880.85,65.3748,-16.1549,-37.7839
8080,-4159.55,526.69,6887.88,62.2998,-19.1239,-41.4271
8089,-4162.44,571.069,6893.5,61.0399,-23.6992,-42.3417
8100,-4158.75,591.707,6905.2,59.0319,-30.5593,-43.4733
8109,-4156.6,595.571,6907.36,57.6255,-35.6475,-44.3787
8120,-4145.28,610.357,6907.89,57.1004,-38.718,-45.7029
8130,-4133.02,547.036,6922.31,55.2803,-33.7744,-46.9623
8140,-4132.42,569.504,6939.85,53.2243,-26.4195,-45.1699
8150,-4129.14,553.75,6930.68,51.5794,-16.1356,-44.3359
8160,-4123.71,584.575,6925.34,52.4635,-7.50848,-42.0687
8169,-4122.17,611.057,6920.67,50.9708,3.19322,-42.655
8180,-4124.93,608.306,6918.94,50.9767,11.9546,-42.724
8190,-4127.95,617.031,6925.55,51.1813,19.9637,-42.7792
8200,-4129.56,587.303,6909.24,49.9451,29.3709,-43.0233
8210,-4130.45,591.53,6904.19,51.556,35.2967,-44.4187
8220,-4127.16,611.753,6900.95,52.6448,41.0374,-43.5349
8230,-4125.73,667.775,6896.36,53.7159,47.2299,-43.628
8240,-4125.78,601.378,6902.29,54.7727,55.1839,-45.3024
8249,-4122.22,607.338,6907.43,54.4182,60.9471,-49.6419
8260,-4121.78,577.334,6929.95,51.7345,70.7577,-52.9135
8270,-4135.02,619.333,6917.96,50.7876,81.6062,-54.1308
8280,-4147.22,569.533,6916.77,47.4301,88.2849,-55.1046
8290,-4157.38,605.953,6912.21,45.5441,93.228,-55.6837
8300,-4150.3,652.795,6904.97,43.4353,93.1824,-55.947
8310,-4144.64,626.88,6903.98,40.9482,95.1459,-57.7576
8320,-4144.51,597.288,6909.18,38.1586,96.3167,-61.8061
8330,-4150.81,588.929,6916.14,36.5269,100.653,-65.8448
8339,-4163.05,557.493,6911.72,34.2215,101.323,-66.6759
8349,-4173.64,572.349,6901.77,33.5772,102.058,-67.3407
8359,-4165.71,572.035,6889.42,33.8617,98.2465,-65.8726
8369,-4166.17,613.404,6885.93,32.4894,96.5972,-67.6981
8380,-4164.93,626.54,6898.75,27.9915,99.0778,-70.7584
8389,-4173.95,615.254,6896.2,25.1932,101.662,-75.0068
8400,-4186.76,556.525,6892.96,22.9546,105.93,-75.8054
8410,-4198.61,512.853,6881.57,22.9637,105.744,-75.2443
8419,-4198.89,580.485,6885.25,21.3709,104.995,-71.9955
8430,-4200.31,666.449,6875.4,21.6967,101.596,-72.1964
8439,-4215.05,588.645,6865.92,16.1574,97.6768,-74.9571
8449,-4225.64,553.865,6876.74,12.1259,93.7415,-76.5657
8460,-4230.91,579.186,6865.79,13.3007,89.1932,-75.2525
8469,-4241.93,583.519,6863.03,13.0406,80.9545,-74.402
8480,-4243.54,564.152,6860.03,15.0325,71.9636,-72.1216
8490,-4235.63,612.615,6855.22,17.226,62.5709,-70.0973
8500,-4230.11,588.661,6864.58,17.9808,60.0567,-71.0778
8510,-4229.29,580.866,6866.46,18.7846,60.8454,-72.4623
8519,-4242.23,522.487,6859.17,21.2277,64.4763,-72.7698
8530,-4250.98,513.049,6844.54,24.5822,66.981,-72.6159
8539,-4257.19,575.105,6851.23,25.2657,67.7848,-68.6927
8549,-4258.15,556.11,6848.58,26.6126,64.8279,-64.7542
8560,-4258.52,593.811,6837.27,26.6901,62.6623,-63.4033
8569,-4264.02,583.181,6832.21,27.1521,59.5298,-63.5227
8580,-4262.41,565.918,6832.57,25.1216,53.8239,-62.6181
8590,-4264.33,574.992,6823.66,23.4973,48.6591,-62.6945
8600,-4261.86,547.099,6821.33,20.1979,38.7273,-60.7556