2,-760.8,473.4,1420.4,13.2,0.4,-6.2
7,-1369.04,517.14,2549.92,22.16,0.32,-9.36
16,-1858.43,507.114,3463.14,29.328,-1.344,-11.688
27,-2247.15,513.311,4188.91,33.4624,-3.0752,-16.7504
37,-2554.92,533.731,4776.33,37.5699,-4.66016,-20.6003
47,-2803.93,546.573,5228.26,39.6559,-3.52813,-24.6803
57,-3001.95,524.457,5614.21,40.9248,-3.4225,-26.3442
67,-3162.76,507.846,5920.97,43.5398,-4.138,-28.2754
77,-3295.81,493.585,6157.57,45.4318,-5.1104,-30.4203
87,-3400.64,522.758,6342.46,45.9455,-8.28832,-30.3362
97,-3475.72,522.076,6503.97,45.9564,-7.83066,-32.469
107,-3551.37,513.008,6631.17,46.7651,-6.46453,-28.3752
117,-3601.9,510.301,6732.14,49.8121,-4.97162,-24.1002
127,-3630.72,522.63,6812.11,54.4497,0.422704,-22.2801
137,-3671.37,514.863,6874.09,57.9597,3.53816,-21.0241
147,-3701.1,499.686,6935.67,61.3678,5.63053,-19.8193
157,-3725.28,530.569,6970.94,64.4942,8.50442,-18.8554
167,-3747.42,508.457,6999.55,67.7954,10.2035,-17.4843
177,-3768.34,502.646,7032.04,72.8363,11.9628,-16.1875
186,-3783.47,557.865,7062.43,78.2691,11.3703,-15.95
197,-3790.38,538.186,7086.35,81.6152,11.6962,-15.36
207,-3796.3,574.019,7095.48,83.2922,11.957,-14.488
216,-3797.44,574.002,7098.38,83.8338,11.3656,-14.5904
227,-3800.35,568.6,7113.91,90.467,15.8925,-12.2723
237,-3818.68,496.06,7121.12,107.774,25.314,-6.81785
247,-3843.35,539.206,7172.1,138.419,47.0512,7.94572
257,-3930.28,545.321,7197.68,186.335,85.4409,27.1566
267,-3994.62,430.732,7162.14,237.268,109.753,47.1253
276,-3920.9,698.273,7144.92,280.814,106.202,70.3002
287,-3880.32,874.427,7164.33,302.252,103.162,83.6402
297,-3909.05,920.843,7161.07,306.001,109.729,92.7121
307,-3922.44,981.284,7186.45,299.001,100.784,93.1697
317,-3998.75,778.528,7190.76,288.201,94.2268,90.1358
327,-4005.4,913.053,7125.81,296.361,64.9815,88.7086
337,-3881.12,957.105,7121.45,284.489,23.9852,71.5669
347,-3748.5,912.911,7146.76,248.791,9.78813,41.2535
357,-3646,1155.09,7133.41,170.433,34.8305,-13.1972
367,-3469.2,1256.71,7131.13,89.7461,86.4644,-78.5578
377,-3308.96,1436.07,7143.3,-7.40311,185.572,-186.646
387,-3271.97,629.607,7261.04,-110.522,305.257,-342.717
397,-2618.37,750.561,7425.23,-180.218,550.206,-590.774
407,-2275.9,1752.66,7987.79,-239.374,781.765,-844.819
417,-1649.52,3715.87,8999.83,-276.9,823.212,-982.655
427,-982.015,4482.79,10260.3,-218.92,791.169,-993.124
437,-423.212,4672.88,10884.2,-174.536,628.336,-866.099
447,221.03,3615.49,11143.8,-161.229,405.668,-713.279
457,834.424,2615.15,11155.4,-104.783,145.135,-526.824
467,1255.14,1912.11,11055.1,-13.6263,-100.492,-360.859
477,1539.31,1777.01,10984.1,99.299,-354.394,-237.087
487,1717.85,1795.9,10952.5,193.039,-600.315,-152.27
497,1809.88,1880.59,10856,251.631,-844.252,-102.816
507,1835.1,1867.46,10682,303.105,-1056.6,-65.4526
517,1749.68,2314.35,10430.8,351.684,-1225.48,-23.3621
527,1608.15,2530.03,10275.8,394.947,-1354.39,26.1104
537,1221.32,2731.6,10269.1,472.158,-1474.71,113.688
547,760.654,3127.96,10335.7,569.126,-1621.17,235.951
557,414.923,3594.2,10341.7,662.101,-1799.33,410.76
567,173.138,3689.42,10133,715.681,-1957.27,590.608
577,-33.4893,3446.94,9923.98,739.945,-2082.01,798.087
587,-331.991,3446.09,9841.59,759.356,-2188.81,1017.07
597,-637.593,3507.21,9856.87,759.485,-2311.85,1259.66
607,-839.275,3185.72,9815.5,734.188,-2429.68,1489.92
617,-921.42,2879.97,9699.6,672.55,-2527.14,1716.14
627,-911.136,2638.8,9513.68,585.44,-2589.91,1915.71
637,-888.109,2366.28,9334.94,458.752,-2600.93,2085.37
647,-909.287,1944.83,9241.95,346.202,-2583.35,2224.7
657,-1025.83,1645.28,9259.96,266.361,-2548.88,2340.16
667,-1131.86,1588.33,9298.37,215.689,-2525.3,2432.53
677,-1177.09,1517.83,9308.3,167.751,-2511.04,2486.02
687,-1226.07,1357.78,9280.64,121.201,-2501.03,2509.62
697,-1318.86,1141.98,9238.51,86.5608,-2500.83,2497.49
707,-1507.09,969.198,9262.01,73.4486,-2518.26,2461.19
717,-1691.67,926.72,9246.41,79.7589,-2584.01,2392.56
727,-1742.54,926.072,9079.12,88.8071,-2665.21,2311.84
738,-1672.83,951.207,8798.1,93.6457,-2731.57,2201.28
748,-1657.86,1081.52,8544.48,87.1166,-2769.85,2078.82
758,-1702.69,1110.75,8309.98,73.6933,-2791.28,1937.26
768,-1757.75,1113.68,8091.59,61.1546,-2806.03,1791.2
777,-1780.6,1056.37,7854.07,64.5237,-2808.82,1638.16
787,-1878.48,827.437,7677.66,94.4189,-2806.06,1498.73
798,-1975.19,923.344,7573.72,158.335,-2814.05,1358.58
807,-2100.55,905.934,7519.78,217.868,-2838.64,1223.67
817,-2328.44,563.993,7537.02,294.095,-2916.51,1088.13
827,-2530.35,-166.801,7356.82,385.676,-3040.01,966.307
837,-2596.68,-385.68,6997.85,484.34,-3169.61,850.646
847,-2769.74,-562.368,6543.08,596.472,-3263.28,705.917
857,-2985.8,-432.437,6108.87,681.978,-3317.83,537.933
867,-3299.44,-165.644,5582.29,716.182,-3315.46,326.147
876,-3637.55,5.03563,4939.44,711.146,-3233.77,94.3174
887,-4090.04,257.904,4227.95,692.917,-3095.22,-119.146
897,-4617.23,612.59,3591.56,651.133,-2884.57,-282.917
906,-5107.39,1297.86,2805.65,572.707,-2624.26,-395.333
916,-5553.51,1425.79,2058.12,451.365,-2288.81,-470.267
927,-6108.01,1253.18,1351.29,285.692,-1789.85,-488.613
937,-6771.61,1462.72,824.635,104.354,-1176.88,-424.291
947,-7610.48,1805.87,405.308,-94.917,-544.901,-311.033
956,-8421.19,1661.99,181.047,-333.534,162.479,-129.626
968,-9287.35,1215.6,158.437,-570.227,843.183,60.6992
978,-9862.28,1307.76,88.7498,-845.381,1590.95,237.159
987,-10083,1588.78,166.2,-1129.11,2370.96,359.927
998,-5558.82,184.078,3380.96,-1300.68,3422.97,145.742
1007,2106.35,7574.81,9258.17,-1533.55,3875.37,80.7936
1017,5287.88,30.2812,4483.33,-1716.44,4846.3,-127.165
1027,1870.3,-8464.17,4183.07,-1923.95,6234.84,-298.732
1036,35.8408,-11477.2,6787.65,-1876.56,7407.67,-272.786
1047,-706.527,-9339.52,6436.12,-1152.65,8454.14,-256.229
1057,-2793.62,210.848,8610.1,-188.919,9237.71,-231.983
1067,-4807.3,11272.9,12371.7,510.465,9688.17,-216.186
1077,-10399.4,19993.1,12382.1,-103.428,9511.33,-440.949
1087,-10140.8,-12868.7,13116.9,-667.142,7898.47,-527.559
1097,-8358.2,-2573.87,11895.1,-745.714,6509.17,-593.447
1107,-8451.36,4006.81,10857.3,-874.171,5435.74,-578.358
1116,-7702.29,-330.119,10725.4,-985.337,4518.99,-613.086
1128,-7142.23,3457.19,9757.16,-1033.07,3704.79,-648.269
1138,-6664.98,1060.32,9420.52,-1081.06,2934.83,-648.415
1148,-6207.99,674.832,9167.62,-1059.04,2325.87,-644.332
1156,-5608.39,89.0832,8693.29,-996.236,1846.69,-605.866
1167,-5098.71,-52.2917,8473.44,-885.188,1505.76,-546.293
1176,-4875.37,32.5708,8277.95,-760.151,1269.2,-479.434
1187,-4611.5,-158.743,8049.16,-622.321,1080.76,-387.147
1197,-4302,108.326,7933.33,-485.656,952.211,-298.918
1206,-3900.4,388.833,7764.66,-352.725,895.169,-212.334
1216,-3981.52,377.283,7995.33,-166.78,950.935,-98.6674
1227,-3904.41,1502.93,7439.86,-91.6241,897.348,-37.3339
1236,-3860.33,1001.69,7280.29,-16.8993,864.478,2.13286
1247,-3855.87,1106.37,7242.63,39.2806,851.983,12.9063
1256,-3775.49,1010.64,7254.51,62.4245,825.586,-12.275
1267,-3743.99,1004.66,7236.8,83.7396,837.669,-56.22
1276,-3790.4,626.066,7229.44,101.792,874.335,-100.176
1287,-3857.52,591.807,7183.96,114.433,899.468,-128.341
1296,-3876.81,455.181,7158.36,125.347,925.774,-135.473
1307,-3961.85,506.318,7152.29,150.677,960.42,-133.778
1317,-4060.68,857.032,7143.43,203.742,1017.34,-128.622
1327,-4100.94,888.503,7072.35,233.993,1059.87,-138.498
1337,-3996.36,155.45,6945.08,257.595,1100.09,-131.398
1347,-3934.68,877.745,6974.86,281.476,1159.88,-156.119
1357,-4026.55,-601.625,6018.69,261.381,1334.1,-221.695
1367,-4016.44,339.437,6223.35,265.505,1438.68,-255.156
1377,-4091.55,276.944,6117.08,260.404,1450.34,-249.525
1387,-4095.64,486.694,6290.46,273.723,1469.48,-219.02
1397,-4136.51,730.869,6432.77,286.378,1512.78,-183.616
1407,-4233.61,694.087,6391.42,294.103,1568.42,-151.693
1417,-4321.69,904.609,6423.53,286.082,1590.54,-131.754
1426,-4349.35,707.861,6544.43,290.266,1633.83,-102.803
1437,-4636.68,1078.79,6281.54,268.213,1762.27,-58.8427
1446,-4880.14,552.479,6226.83,261.17,1782.01,-35.6741
1457,-4804.52,917.448,6237.47,226.336,1757.41,-35.7393
1466,-4800.41,885.545,6259.17,191.469,1763.53,-47.3914
1477,-4937.53,1076.75,6160.14,179.375,1754.62,-49.3132
1486,-4962.42,1115.68,6029.31,160.1,1649.1,-102.051
1497,-4857.94,1007.97,6166.65,172.08,1770.68,-130.64
1507,-5123.95,1170,6006.52,251.864,2005.74,-199.712
1517,-5024.76,493.2,6308.02,240.691,2245.19,-213.37
1526,-4874.21,362.52,6617.61,278.753,2610.96,-195.896
1537,-4925.77,668.052,6665.29,262.002,3038.56,-156.717
1547,-5337.01,1202.61,6596.23,239.202,3485.45,-121.173
1557,-5601.61,1158.86,6500.99,211.962,3988.36,-140.739
1566,-5442.09,582.086,6781.19,227.369,4507.89,-202.591
1577,-5492.07,1604.41,6991.35,315.695,5136.31,-306.673
1587,-5367.66,452.041,6799.48,347.556,5765.25,-436.738
1597,-5637.73,1283.6,6985.18,289.045,6466.2,-528.391
1607,-5316.98,-165.04,7328.55,259.236,7386.36,-569.912
1617,-6043.18,1823.1,7566.44,302.589,8390.49,-554.73
1627,-5463.75,1442.31,7086.35,396.271,9771.59,-613.184
1637,-6185.4,862.431,6897.88,954.617,11208.3,-456.147
1647,-7806.32,1657.64,7079.9,1771.29,12274.6,-142.918
1657,-9214.65,1324.96,7624.32,2786.03,12983.7,177.666
1666,-11084.9,3759.5,9192.66,4056.03,13381.6,476.533
1677,-12323.9,2429.75,9476.53,5303.02,13302.8,559.426
1686,-13193.2,5137.17,10462.8,6155.22,12686.7,586.341
1696,-12611.3,12811.3,10773.1,6683.77,11592.5,414.873
1707,-10727.9,15805.3,14883.2,6942.62,9888.43,-25.7018
1716,-11768.7,16626.7,18383,5946.7,7801.35,-641.961
1727,-10436.5,10806.7,19695.6,4781.56,5550.48,-1073.17
1738,-7847.64,6090.07,18500.9,3489.65,3122.78,-1357.54
1747,-5672.51,5159.41,16967.1,2359.92,1131.42,-1567.63
1756,-4475.61,3516.54,15195.3,1590.73,-487.06,-1734.1
1767,-3504.09,3454.85,13754.6,1044.59,-1835.45,-1814.88
1776,-3000.07,4071.49,12679.7,606.669,-3059.76,-1818.91
1786,-2831.66,4422.95,11736.6,219.935,-4134.41,-1805.92
1797,-2893.32,4396.9,10874,-174.252,-5104.93,-1784.34
1806,-3017.86,3946.09,10129.2,-535.202,-5958.74,-1755.67
1817,-3102.29,3665.21,9314.99,-825.761,-6715.79,-1695.34
1826,-3253.83,3919.72,8731.19,-1017.41,-7375.83,-1627.07
1837,-3330.26,3100.97,8165.75,-1002.53,-7834.27,-1531.46
1847,-3463.41,2527.7,7380.2,-873.222,-8187.81,-1388.16
1857,-3875.53,3258.77,7151.36,-563.777,-8433.85,-1161.73
1867,-4520.82,3961.88,7133.49,-220.622,-8647.68,-875.585
1876,-5130.26,4545.19,7233.19,104.502,-8886.94,-480.268
1887,-5730.21,4529.72,7304.95,352.202,-9105.96,-54.4146
1897,-6308.97,3982.77,7293.56,552.161,-9314.56,456.868
1907,-6825.17,3535.68,7309.25,714.129,-9489.25,975.495
1917,-7444.54,3409.97,7257.4,876.703,-9584.2,1539.6
1927,-7798.03,2348,7494.72,980.763,-9640.36,2087.68
1936,-8338.82,1694.6,7681.78,1081.81,-9688.09,2599.94
1947,-8772.26,1816.46,8009.42,1141.05,-9739.67,3022.15
1957,-9118.21,1663.05,8287.54,1121.44,-9765.34,3343.72
1967,-9395.37,1269.7,8469.63,1074.75,-9758.47,3571.98
1976,-9577.49,1143.97,8599.7,1025.6,-9678.38,3704.58
1987,-9715.59,1063,8694.56,995.08,-9547.5,3758.67
1997,-9856.08,1324.9,8820.85,987.464,-9333.6,3715.93
2006,-10257.7,1757.89,9177.88,993.571,-9113.28,3624.15
2017,-10809.3,1831.79,9716.71,1051.66,-8931.42,3484.72
2026,-11397.1,2920.98,10492.2,1122.33,-8837.14,3328.37
2037,-12071.3,3294.5,11177.7,1207.26,-8868.11,3131.5
2047,-12460.6,2998.85,11406.2,1305.61,-8973.49,2939.2
2056,-12716.9,519.485,11000.9,1570.09,-9102.59,2826.36
2067,-12820.7,-376.451,9809.96,1958.87,-9136.67,2760.49
2077,-13223,-755.845,8561.97,2430.9,-8985.14,2708.19
2087,-14160.4,-1576.78,6976.77,2848.52,-8783.71,2648.35
2096,-15024.3,-2974.68,4868.62,3183.21,-8556.17,2588.28
2106,-15760.6,-4378.07,1770.09,3389.37,-8083.94,2525.23
2116,-16345.7,-4604.81,-1217.12,3398.7,-7368.35,2417.38
2127,-16798.2,-2778.88,-3644.1,2928.36,-6175.88,2136.3
2136,-17022.1,-2358.69,-5120.48,2090.49,-4799.7,1708.04
2146,-17585.7,-2705.47,-5364.38,845.188,-3249.96,1120.03
2156,-17661.8,-3290.95,-4860.31,-344.449,-1848.17,521.228
2167,-17171,-3102.89,-4286.65,-1262.56,-562.136,80.7822
2176,-16379.6,-1968.09,-3617.32,-1915.65,610.492,-191.774
2187,-15631.3,-675.609,-2635.05,-2394.92,1802.39,-280.619
2197,-10058.6,-3865.56,-27.2427,-2739.53,2964.91,-258.496
2207,-6734.9,3767.84,2033.41,-2942.83,4082.93,-365.596
2217,-2367.92,-3604.82,139.924,-3176.26,5849.35,-796.677
2227,-5283.94,-7384.08,2835.54,-2017.41,7779.88,-675.942
2237,-8576.35,-2907.41,8713.63,-1294.13,8891.7,-591.153
2247,-12186.3,16708.5,13524.3,-1254.5,9164.96,-641.323
2257,-16302.6,12631,12831.4,-1938,8681.97,-897.658
2267,-13091.3,-16121.3,13872.4,-2033.8,7991.58,-1324.53
2277,-10603,-11375.3,12259.5,-1942.84,6890.66,-1320.02
2286,-10533.2,6771.67,11481.2,-2035.27,6011.33,-1260.22
2297,-9744.19,1001.17,10684.5,-2067.22,4991.86,-1271.17
2306,-8978.15,512.317,9957.24,-2021.37,4052.09,-1246.94
2317,-8220.12,171.832,9582.19,-1822.5,3213.47,-1127.95
2327,-7413.7,1246.58,9136.15,-1646.4,2525.18,-1028.16
2336,-6629.76,783.458,8734.12,-1475.32,1976.94,-940.529
2347,-6085.41,585.946,8515.3,-1300.26,1550.35,-853.423
2357,-5633.52,344.795,8313.04,-1152.6,1204.88,-780.938
2368,-5124.02,182.079,8142.43,-1025.48,955.906,-709.151
2378,-4977.22,1006.41,7980.34,-949.387,778.325,-664.121
2388,-4498.57,469.641,7866.28,-844.51,642.06,-586.096
2398,-4240.86,642.764,7819.42,-756.608,618.248,-509.477
2408,-4110.69,552.076,7762.34,-675.886,613.398,-435.982
2418,-4016.15,692.408,7728.27,-606.309,624.119,-369.785
2427,-3906.52,679.441,7620.62,-528.047,646.895,-317.628
2436,-3864.82,1225.34,7542.89,-442.438,657.916,-289.703
2447,-3839.05,1319.53,7467.51,-358.75,635.533,-302.362
2457,-3744.44,203.953,7491.21,-275.8,593.226,-328.09
2467,-3699.15,436.195,7401.37,-202.64,560.181,-344.472
2476,-3662.92,490.02,7372.7,-132.112,541.745,-348.177
2487,-3663.14,112.002,7361.36,-70.6897,541.996,-348.542
2497,-3707.31,144.4,7289.49,-22.9517,543.397,-339.834
2507,-3756.25,529.24,7283.99,24.0386,554.717,-318.067
2517,-3803.4,587.524,7346.79,62.6309,555.774,-302.853
2527,-3826.72,397.152,7309.03,93.5047,564.619,-295.083
2537,-3933.78,491.515,7065.23,107.804,603.495,-295.066
2547,-3852.62,518.952,7176.98,138.243,638.196,-291.853
2557,-4168.9,5.09515,5912.78,109.794,874.757,-296.282
2567,-4027.92,272.31,6431.83,185.636,830.206,-273.826
2577,-3971.13,1184.63,6461.86,198.908,977.964,-314.661
2587,-4031.71,1576.46,6917.49,233.927,1040.37,-293.929
2597,-4138.17,-1869.15,5762.79,249.541,1226.9,-278.143
2607,-3974.53,3791.08,7807.83,311.833,1082.72,-217.314
2617,-3316.43,1621.11,8758.67,400.066,827.174,-128.851
2628,-3188.74,516.711,9256.93,350.253,958.739,-123.081
2638,-3261.39,1066.87,8782.35,283.203,1109.19,-108.065
2648,-3357.91,-703.313,9345.48,170.362,1339.55,-171.652
2658,-3511.13,-540.131,8609.98,158.89,1547.84,-206.922
2667,-3914.1,1301.39,8316.79,150.312,1772.07,-228.737
2677,-4120.48,232.739,8127.03,208.049,2050.86,-230.99
2687,-4291.99,1346.27,7711.62,189.639,2408.29,-220.192
2696,-4364.39,573.827,7354.9,126.512,2798.23,-183.953
2707,-4491.51,449.783,7094.72,135.409,3170.58,-128.563
2717,-4523.21,682.178,7558.17,172.327,3476.07,-60.4502
2727,-4642.57,277.018,7714.94,124.462,4005.45,-10.7602
2737,-4477.25,-607.698,7884.35,18.3696,4597.96,26.1919
2747,-4905.4,1366.63,7809.48,-146.904,5328.37,24.5535
2756,-5163.52,1709.86,8325.99,-222.523,6057.5,-21.5572
2767,-4905.62,613.786,7559.59,-381.019,6755.6,-116.446
2777,-5499.69,2239.38,7656.87,-577.815,7715.68,-248.957
2786,-4881.36,1631.54,7565.1,-719.452,8747.14,-348.165
2796,-4698.68,555.554,7464.48,-745.762,10144.1,-593.532
2806,-4784.95,1131.96,7159.58,-604.609,11463.5,-712.026
2816,-5842.76,525.396,7690.07,90.9127,12801.6,-799.021
2827,-7937.01,2779.54,7791.65,813.53,13769.5,-904.617
2837,-9342.41,2718.75,8635.72,1810.62,14188,-977.893
2847,-10610.3,1503.08,9622.98,2939.5,14195.4,-1284.71
2856,-9895.06,7762.51,12723.2,3693,13845.3,-1637.77
2867,-9391.65,9922.05,13038.9,3679.2,13001.8,-2632.22
2877,-8336.52,8383,15884.8,3525.16,11833.9,-3223.37
2887,-13222.8,9636.7,16995,3116.53,10343.7,-3326.1
2897,-10918.7,11749.3,20149.4,2781.62,8310.36,-3339.88
2908,-9502.92,9719.53,20388.3,2032.7,5959.09,-3316.1
2918,-7568.34,4591.75,19109.5,1428.96,3633.07,-3222.68
2928,-5920.27,4053.78,17652.4,1074.57,1624.86,-2984.35
2938,-4526.62,4095.38,15874.7,893.653,-81.1145,-2683.68
2947,-3553.69,4589.14,13949.4,745.123,-1443.49,-2334.54
2957,-2996.95,5394.51,12847.9,638.698,-2767.19,-1896.83
2967,-2785.16,5827.85,11991.1,462.358,-3921.95,-1458.87
2976,-2894.93,5685.79,11339.3,177.287,-5029.16,-985.293
2987,-3303.54,4814.78,11063.8,-87.3706,-6064.73,-523.635
2996,-2836.04,4254.28,10611.9,-312.496,-7026.18,-50.1076
3007,-3493.23,3046.23,9513.09,-410.397,-7803.15,352.314
3017,-3863.38,2498.82,8807.67,-364.918,-8473.72,761.851
3027,-4348.71,2350.48,8321.34,-224.934,-9019.17,1116.08
3037,-5009.76,1820.85,7825.47,-2.94733,-9463.34,1429.86
3047,-5482.21,1427.68,7594.78,244.642,-9807.27,1683.69
3057,-6141.77,1339.77,7495.82,534.714,-10037.8,1912.15
3067,-6803.42,988.977,7627.46,834.171,-10208.3,2120.52
3076,-7579.13,1043.9,7853.17,1142.94,-10365.4,2350.42
3087,-8280.51,1299.59,8135.33,1405.75,-10509.9,2573.33
3097,-8919.6,2027.16,8455.87,1578.8,-10632.1,2825.67
3107,-9498.88,1037.92,8521.49,1657.84,-10725.1,3075.73
3117,-9919.91,715.792,8735.19,1667.87,-10757.9,3344.59
3127,-10335.1,226.379,9020.16,1672.7,-10751.3,3599.67
3136,-10718.1,-454.362,9268.12,1770.76,-10735,3806.74
3147,-10962.1,-470.236,9401.7,1935.21,-10696.2,3950.39
3157,-11134.5,-246.824,9458.56,2202.17,-10595.6,3973.51
3167,-11262.4,232.718,9477.65,2477.73,-10450.3,3907.41
3177,-11453.9,943.072,9675.72,2731.99,-10236.6,3716.53
3187,-12016.7,2085.11,10354.2,2907.79,-10038.3,3471.22
3197,-12694.6,3272.11,10928.1,2964.83,-9932.64,3135.78
3207,-13414.1,2949.81,11342.1,2972.46,-9905.71,2821.62
3217,-14041.6,1974.38,11238.5,3034.17,-9909.57,2572.1
3227,-14531.3,-137.362,10217.6,3196.34,-9878.45,2433.28
3236,-15163.1,-1063.14,8829.67,3476.47,-9764.36,2407.22
3247,-16305.2,-1974.71,6864.94,3846.18,-9491.49,2464.78
3257,-17439.8,-3115.27,4417.55,4152.34,-9064.79,2537.02
3267,-18452.6,-5344.33,1147.24,4374.47,-8497.83,2578.62
3277,-19145.7,-5434.03,-1967.41,4443.18,-7717.67,2555.69
3287,-19338.2,-3196.6,-4515.93,4047.74,-6460.93,2270.36
3297,-19411.7,-1559.86,-5560.34,3082.79,-4899.15,1716.08
3308,-19344.2,-334.186,-5241.47,1946.64,-3426.92,1133.07
3318,-18894.6,-109.019,-4449.18,856.508,-2111.33,622.854
3328,-18138.4,122.298,-3191.74,67.8066,-980.667,323.083
3337,-17158,1848.23,-1814.59,-401.955,-46.5337,235.466
3347,-15633.6,4000.82,-675.675,-672.764,781.773,426.173
3357,-10596.8,10084.1,988.66,-853.811,1548.62,762.939
3367,-5344.28,25808.8,3833.33,-1337.45,2374.69,1229.35
3377,875.776,-5137.52,1125.86,-2439.16,3868.96,306.081
3387,-1113.78,-20621.6,4017.09,-3062.73,5689.36,-502.935
3396,-5996.62,-13351.8,8736.87,-3118.98,7156.09,-669.748
3407,-6415.7,-9501.78,10514.7,-2899.59,8279.47,-1204.8
3417,-8425.76,1447.42,10191.4,-2662.27,9111.98,-1469.24
3427,-9649.81,4479.14,10668.3,-2330.41,9352.58,-1328.99
3437,-13283.8,1509.91,12342.2,-2444.13,9226.07,-1366.19
3446,-13157.5,-3242.01,11672.6,-2513.51,8450.45,-1308.35
3457,-12996,-5227.4,10656.1,-2284.2,7476.56,-1222.28
3467,-11699.6,2920.66,10227.7,-2224.96,6511.45,-1247.43
3476,-11074.9,-1759.93,9996.52,-2181.77,5446.76,-1287.14
3487,-10070.7,2102.81,9552.42,-2061.82,4407.21,-1248.91
3497,-9128.56,1857.28,8920.73,-1958.25,3601.57,-1157.13
3507,-8096.44,1271.13,8638.59,-1739.2,2886.05,-1059.5
3516,-7168.36,904.713,8494.07,-1528.96,2308.44,-950.004
3527,-6665.48,135.471,8311.66,-1260.37,1895.15,-824.203
3537,-6165.99,616.547,8164.52,-969.696,1575.12,-672.162
3548,-5678.39,25.6547,8022.42,-667.157,1360.1,-502.93
3557,-5292.71,506.565,7942.74,-386.925,1207.48,-338.344
3567,-4748.57,-483.943,7919.79,-108.14,1082.78,-116.875
3577,-4760.06,169.406,7997.83,220.688,1060.43,71.7
3587,-4443.64,1222.94,7618.67,468.55,1055.14,234.96
3597,-4312.52,1193.29,7607.33,670.04,1032.71,337.168
3607,-4246.41,2023.73,7310.67,791.832,1034.77,381.334
3617,-4249.13,1188.77,7240.53,878.866,1021.42,406.268
3627,-4268.1,1611.08,7129.23,930.493,979.533,422.814
3637,-4227.28,1277.11,7041.38,957.194,934.026,420.651
3647,-4147.03,1488.51,6919.5,932.555,875.221,413.721
3657,-4226.42,1596.05,6806.8,892.844,824.177,408.377
3667,-4229.54,1372.81,6763.84,853.875,772.342,389.301
3676,-4243.23,1224.48,6613.87,816.1,765.073,362.841
3687,-4270.58,1684.85,6629.9,770.48,731.859,336.273
3696,-4088.87,1792.08,7152.32,704.384,685.887,317.618
3707,-3921.09,1374.41,7182.26,672.707,649.509,275.295
3717,-3961.27,2396.44,6855.8,559.566,662.408,230.836
3727,-3886.22,1802.04,6639.44,429.253,632.926,135.869
3737,-3827.78,2387,6413.55,275.202,635.341,27.0949
3748,-3849.02,1811.9,6353.64,126.762,624.673,-108.724
3757,-3748.02,2780.39,6099.71,-47.5906,647.138,-229.779
3768,-3852.01,2031.24,6118.57,-234.072,670.511,-393.623
3777,-3816.01,1700.72,6169.66,-413.258,679.208,-565.099
3787,-3966.41,1566.87,5981.33,-579.806,756.767,-707.879
3797,-4139.13,1260.09,6399.46,-695.645,776.213,-868.103
3807,-4202.1,1229.41,6783.57,-791.916,814.571,-953.283
3817,-4207.68,610.741,6944.45,-859.933,912.257,-1029.83
3826,-4324.15,467.874,6879.56,-872.346,1042.61,-1079.86
3836,-4389.32,275.387,6876.05,-809.077,1164.08,-1066.49
3847,-4401.45,646.739,7048.84,-711.862,1286.87,-1003.19
3857,-4227.56,1276.07,7329.87,-607.489,1526.29,-943.553
3867,-4318.85,935.807,7189.9,-499.191,1816.44,-860.842
3877,-4232.28,1256.38,7159.92,-401.953,2181.35,-826.474
3887,-4332.22,687.238,7143.13,-291.163,2625.68,-818.779
3897,-4512.58,884.124,7315.71,-139.33,3106.14,-817.023
3907,-4949.26,1622.01,7150.17,62.736,3645.91,-790.219
3917,-4768.61,-989.799,7180.13,224.589,4249.33,-778.975
3927,-4967.29,-437.38,7423.31,395.871,4983.87,-718.18
3937,-4809.43,-1546.74,7357.85,478.897,5760.89,-715.144
3947,-3837.54,-3207.47,7538.68,531.917,6656.91,-718.115
3957,-3730.44,523.453,7445.34,653.134,7729.53,-725.892
3967,-3912.75,93.7453,7183.87,786.507,8838.22,-770.114
3977,-4463,4453.57,8223.5,1078.81,10194,-802.091
3987,-5420.8,1631.56,8081.6,1493.24,11523.4,-752.073
3996,-7887.84,5408.36,9330.48,2174.8,12789.5,-661.658
4007,-9249.47,-1671.36,10401.2,3190.44,13622.4,-618.727
4017,-10408,1647.26,10533.3,4056.15,13744.3,-627.381
4027,-11706.4,2870.13,10953.1,4756.12,13506.3,-463.705
4037,-10293.1,2916.81,11780.9,5370.3,12712.6,-410.364
4047,-9204.88,7657.28,13648.3,5823.44,11572.1,-648.891
4057,-12217.5,8026.93,16773.4,5143.95,9935.87,-1232.11
4067,-11679.2,10821.5,19972.1,4383.76,7855.7,-1855.89
4077,-9491.37,6294.95,20501.3,3249.01,5368.36,-2388.11
4087,-7207.89,4490.5,19907.9,2246.01,3003.29,-2710.69
4097,-5005.11,3777.25,18533.5,1595.6,909.028,-2937.15
4107,-4060.89,4717.52,16514.4,1055.28,-720.378,-3093.32
4117,-3620.71,5367.75,15305.9,801.427,-2237.9,-3173.26
4127,-3605.37,6212.18,14402.3,593.942,-3631.52,-3154.41
4137,-3767.1,6590.02,13328.3,359.153,-5011.82,-2994.72
4147,-3796.08,6190.4,12153.8,109.923,-6227.65,-2785.38
4157,-3756.46,4129.04,10787.4,-108.462,-7244.92,-2514.1
4167,-3804.37,3447.7,9517.16,-233.57,-8006.34,-2252.88
4177,-4199.1,4353.37,8550.53,-210.056,-8557.47,-1949.11
4187,-4634.88,4258.54,7973.22,-100.045,-9003.18,-1620.69
4196,-5203.5,4123.05,7504.98,156.164,-9327.54,-1232.15
4207,-5719.6,3976.31,7287.98,457.532,-9582.83,-817.519
4218,-6284.08,4058.83,7247.58,830.225,-9759.47,-334.015
4227,-6794.06,4113.88,7226.47,1181.78,-9877.57,160.788
4237,-7270.05,3993.39,7267.57,1475.82,-9945.86,715.231
4246,-7913.64,4397.14,7476.06,1708.66,-9974.29,1248.58
4256,-8385.71,4181.91,7642.05,1800.33,-9974.63,1814.87
4267,-8688.97,3827.39,7859.24,1824.06,-9953.5,2364.49
4277,-8861.18,3313.14,8024.59,1798.25,-9889.8,2883.2
4287,-9005.34,2730.71,8280.87,1756.2,-9760.24,3376.76
4297,-9275.87,2472.67,8606.7,1728.56,-9603.39,3813.01
4307,-9634.7,2245.27,9034.56,1765.05,-9433.31,4214.8
4317,-10026.6,2083.93,9563.25,1861.24,-9258.65,4540.44
4326,-10665.6,2463.79,10172.2,1990.99,-9121.12,4792.75
4337,-11453.7,2714.18,10892.2,2090.99,-9067.3,4899.4
4347,-12414.2,3331.42,11310.1,2118.79,-9096.64,4867.92
4357,-13095.7,3007.94,11318.5,2063.64,-9188.11,4659.34
4367,-13604.6,1333.99,10686.8,2063.91,-9242.49,4402.27
4376,-14020.5,320.599,9865.84,2236.13,-9168.59,4108.82
4386,-14540,-1094.74,8792.67,2528.1,-9016.27,3856.05
4398,-15147.2,-3417.87,7577.34,3018.08,-8754.02,3707.64
4407,-16261.3,-5210.79,5682.67,3582.26,-8462.61,3651.71
4417,-17390.7,-5073.28,3123.34,4051.01,-8120.49,3609.17
4427,-18597.3,-6197.13,-78.5308,4175.81,-7515.19,3477.34
4436,-19473.9,-6158.31,-3122.02,4022.45,-6707.95,3262.87
4447,-19558.3,-4061.03,-5295.22,3321.96,-5436.36,2801.3
4457,-19334.6,-2942.3,-6232.18,2317.37,-4016.29,2174.44
4467,-19198.1,-2355.23,-5547.74,1128.49,-2539.83,1422.15
4477,-18818.9,-1995.92,-4363.79,118.795,-1275.47,780.719
4487,-18379.1,-1194.99,-2619.83,-497.364,-246.173,378.575
4497,-17877.7,-348.099,-1413.87,-821.491,530.862,201.86
4507,-16340.5,1707.59,-211.894,-946.393,1236.09,300.088
4516,-6519.04,7001.76,4076.49,-1042.11,1873.67,543.471
4527,-3312.43,18889.2,2756.79,-1620.09,3086.14,666.377
4538,1576.86,-13148.3,-147.77,-2745.87,4575.31,-84.6988
4548,-1549.32,-13194.8,3914.18,-2476.9,6612.45,-525.159
4556,-5877.85,-10679.5,7878.15,-2336.92,8320.96,-705.527
4566,-9380.68,1966.85,7232.92,-1903.14,9427.77,-966.422
4577,-14058.1,25727.9,9994.33,-2731.51,9967.61,-1010.94
4587,-15242.9,-15853.8,11854.3,-3312.01,8977.89,-1166.15
4596,-13185.5,-16923.2,12005,-3109.81,7829.71,-1260.72
4607,-13418.8,9829.48,10392.4,-2720.24,7068.97,-1041.38
4617,-12009.5,3940.35,10398.7,-2490.4,5913.38,-953.701
4627,-10770,2372.23,9951.78,-2318.32,4830.9,-939.361
4637,-9640.78,1792.42,9595.43,-2113.85,3971.12,-857.089
4647,-8576.62,1144.04,9142.34,-1843.48,3230.5,-768.471
4657,-7574.9,2042.2,8612.27,-1596.19,2605.2,-681.177
4667,-6815.12,1370.62,8431.02,-1363.95,2116.56,-609.141
4677,-6114.49,570.862,8238.01,-1142.16,1770.65,-555.513
4687,-5539.99,192.086,7848.41,-940.127,1535.12,-483.61
4696,-5127.6,561.009,7762.33,-738.702,1348.09,-413.888
4707,-5009.28,698.701,7747.86,-519.761,1235.87,-320.111
4717,-4873.42,446.07,7421.89,-307.809,1168.9,-211.089
4728,-4696.34,411.807,7376.71,-119.847,1148.52,-91.4708
4738,-4332.27,678.381,7386.97,61.3222,1134.42,24.2233
4747,-4297.42,1347.64,7459.98,184.858,1129.93,126.179
4757,-4173.53,1275.96,7389.18,279.286,1115.35,166.143
4768,-4172.43,1175.2,7296.14,353.629,1122.48,176.714
4777,-4164.74,1157.92,7208.12,412.703,1126.78,183.771
4787,-4138.59,1190.39,7128.89,461.363,1126.83,176.617
4797,-4007.27,921.839,7086.71,498.89,1135.06,149.694
4807,-4045.02,995.784,7069.37,531.112,1151.85,118.755
4817,-4164.42,1080.58,7031.1,541.29,1162.28,103.404
4827,-4196.73,914.458,6946.48,541.832,1165.62,99.5232
4837,-4132.59,968.046,6759.58,532.465,1167.5,75.0186
4847,-4100.47,1722.2,6644.07,503.772,1163.6,51.2149
4857,-4093.57,1642.82,6558.05,450.618,1171.88,-6.22812
4867,-4081.66,1210.08,6437.24,382.294,1178.7,-59.3825
4877,-4181.33,1694.21,6418.99,292.435,1176.76,-113.306
4887,-4183.86,1546.42,6387.19,199.148,1164.81,-174.845
4897,-4086.29,1367.84,6260.56,90.1187,1164.05,-271.676
4907,-4193.43,950.384,6067.64,-25.9051,1164.64,-372.541
4917,-4262.35,1023.84,6123.32,-100.924,1112.11,-448.433
4927,-4525.88,438.984,6207.05,-164.339,1079.49,-547.146
4937,-4540.3,774.698,6348.44,-190.271,997.391,-614.517
4947,-4373.44,-68.3301,6138.35,-216.817,1061.91,-655.413
4957,-4464.35,853.567,6350.68,-238.854,1126.33,-677.131
4967,-4570.68,693.757,6344.15,-238.883,1167.66,-718.905
4976,-4571.35,1100.78,6460.12,-220.906,1211.93,-748.924
4986,-4582.28,876.878,6482.49,-207.725,1298.95,-762.539
4996,-4542.62,759.088,6492.39,-195.18,1456.96,-739.631
5007,-4586.1,1118.11,6511.52,-176.544,1615.36,-699.105
5016,-4507.28,1197.21,6675.61,-147.235,1830.89,-695.284
5027,-4874.22,992.721,6726.09,-106.588,2108.11,-720.827
5037,-4892.58,601.472,6690.47,21.1294,2529.49,-776.262
5047,-4972.06,826.947,7173.58,104.704,2857.99,-722.409
5057,-5074.05,914.295,7131.66,191.163,3293.19,-642.527
5067,-4967.64,527.029,7228.93,291.53,3819.56,-615.022
5077,-5172.51,855.503,7341.54,298.224,4519.84,-550.818
5087,-5773.61,2618.15,7166.43,329.979,5222.68,-585.054
5097,-6028.89,1320.22,6790.75,375.983,6003.34,-536.843
5107,-5067.51,-1928.98,7395,464.187,6895.87,-550.075
5117,-4918.41,451.502,7376,554.749,7919.7,-529.26
5127,-5013.93,1317.75,7368.4,717.4,9087.56,-445.808
5137,-5834.74,2822.77,7604.72,996.32,10342.2,-338.646
5147,-6971.79,5306.08,7994.58,1376.26,11579.8,-300.717
5157,-9011.83,3151.41,7892.46,1886.8,12578,-398.574
5167,-10725.9,2323.94,9591.97,2650.84,13210.2,-495.659
5177,-11153.1,-728.806,10178,3506.88,13461.8,-660.327
5187,-12409.3,839.719,11077.6,4186.5,12903.2,-679.462
5197,-12686.2,7471.17,12436.9,4667,12123.4,-594.769
5207,-10939.4,4775.52,13578.7,4932.2,11035.5,-768.615
5217,-15305.1,18682.8,16063,4617.36,9528.21,-1202.29
5226,-14298.1,10677.5,19403.8,4206.89,7637.76,-1868.03
5236,-11829.3,8138.15,19565.4,3350.91,5131.81,-2401.23
5247,-8942.61,4250.01,18618.3,2443.53,2785.25,-2774.18
5256,-6709.29,3882.8,16647.9,1764.22,861.999,-3087.95
5267,-5046.63,4414.88,14813.1,1285.38,-679.801,-3256.16
5278,-4059.31,5222.29,13388.1,898.703,-1985.64,-3309.52
5288,-3440.64,5623.43,12261.7,521.362,-3157.51,-3229.22
5297,-3057.72,5600.54,11210.1,168.09,-4168.01,-3071.58
5306,-2771.37,5130.25,10214.9,-141.128,-5036.81,-2851.66
5316,-2712.3,4545.03,9377.92,-325.103,-5796.05,-2525.13
5327,-2941.84,3878.1,8603.54,-372.682,-6434.64,-2160.5
5337,-3389.47,4178.61,7888.43,-319.346,-7048.71,-1724.8
5347,-3733.58,5276.06,7622.74,-253.877,-7605.77,-1316.04
5357,-4072.06,5657.61,7277.79,-229.101,-8100.81,-906.033
5367,-4417.25,5551.76,6955.84,-228.081,-8520.65,-513.627
5377,-4989.4,4983.18,6782.27,-199.065,-8849.72,-76.7014
5387,-5559.92,4656.32,6765.42,-117.252,-9122.58,374.839
5397,-6109.54,4452.63,6797.93,47.7985,-9363.86,895.871
5407,-6526.83,5008.26,7015.15,236.239,-9554.29,1410.3
5417,-7135.46,4664.23,7186.12,438.391,-9682.03,1989.64
5427,-7723.97,4588.42,7253.29,601.313,-9777.83,2555.11
5437,-8287.98,4805.84,7638.63,677.25,-9813.66,3148.29
5447,-8905.98,4611.58,8144.91,681.2,-9812.33,3709.03
5457,-9485.99,4388.76,8735.13,579.56,-9792.86,4255.42
5468,-10205.2,3740.08,9393.3,452.048,-9785.49,4704.74
5476,-10892.6,2895.81,10067,338.239,-9799.39,5041.59
5487,-11746.4,2062.58,10696.4,288.991,-9835.11,5262.67
5497,-12602.4,1714.66,11185.9,388.993,-9910.29,5275.94
5506,-13461.9,1508.87,11450.8,599.394,-9999.83,5141.95
5516,-14231.9,1848.29,11476.2,908.915,-10091.1,4867.56
5527,-14895.1,2649.03,11141.8,1356.73,-10140.1,4355.85
5537,-15441.7,2478.9,10576.6,1940.59,-10106.2,3707.48
5547,-15959,-72.5098,9649.29,2658.87,-10015.4,3124.58
5557,-16264,-1913.45,8488.23,3721.5,-9832.92,2736.47
5567,-16572.4,-5384.34,7065.79,4893.8,-9578.13,2618.57
5577,-17707.5,-4811.63,5282.23,6093.64,-9298.11,2833.26
5587,-19129.6,-3281.96,1915.78,6803.91,-9000.68,3104.21
5597,-19939.3,-4383.6,-1785.77,6912.53,-8521.95,3337.37
5607,-20035,-3534.36,-4829.02,6089.62,-7446.76,3309.09
5616,-19622.8,-3213.64,-6875.22,4755.9,-6088.41,2968.67
5626,-18929.1,-3993.36,-7408.17,2890.92,-4434.92,2164.74
5637,-18224.4,-4708.54,-7044.94,1246.53,-2774.14,1157.19
5646,-17669.2,-4285.05,-5640.75,118.427,-1316.31,300.953
5656,-17197.7,-3225.71,-4122.2,-472.858,-120.249,-361.638
5667,-16983.8,-1163.17,-2403.76,-450.486,773.201,-680.91
5677,-7329.02,12939.1,3928.19,-143.789,1390.76,-797.128
5687,-6397.22,12279.3,3154.55,-1320.43,2594.21,-736.302
5697,-1505.37,-7111.47,1682.44,-2848.75,3822.57,-1293.44
5707,-2467.5,-19848.7,4699.15,-2994.4,5864.05,-1730.15
5717,-8096,-11035.3,9006.52,-2751.52,7348.44,-1924.12
5727,-10616,28386.8,13758.6,-3173.41,8017.15,-1885.7
5737,-13177.2,16200.1,11856.5,-4135.13,7899.72,-1962.76
5747,-12544.6,-20098.8,11643.2,-4455.7,7179.98,-1735.61
5757,-11192.8,-8869.68,11260.6,-3757.56,6617.58,-1757.89
5766,-11596.7,4549.03,10388.8,-3388.85,5837.87,-1487.31
5777,-10550.1,-187.697,10209.5,-3101.48,5006.09,-1378.65
5787,-9912.11,607.63,9741.58,-2835.38,4193.27,-1326.52
5797,-9263.29,-425.237,9492.46,-2493.91,3450.22,-1181.61
5807,-8524.63,1969.88,9067.97,-2209.13,2857.78,-1027.69
5817,-7706.11,1458.79,8617.58,-1940.1,2361.82,-899.153
5828,-6905.69,14.4788,8289.26,-1671.68,1958.06,-803.522
5838,-6323.75,728.648,8153.41,-1423.14,1601.45,-702.618
5847,-5807.4,328.465,8009.13,-1200.72,1300.36,-613.294
5858,-5475.92,275.846,7899.7,-988.173,1082.68,-514.235
5867,-5131.94,277.785,7793.36,-774.938,919.948,-409.388
5877,-4892.35,245.578,7673.49,-574.55,803.758,-293.711
5887,-4715.08,247.758,7547.19,-367.04,729.807,-166.169
5897,-4478.86,508.976,7534.95,-163.032,663.245,-32.1348
5907,-4395.09,754.698,7425.16,9.57419,628.796,88.6921
5917,-4188.07,1290.47,7361.33,147.859,616.237,174.754
5927,-3995.66,1975.85,7504.26,223.087,637.59,208.403
5936,-3895.33,1601.58,7413.41,250.67,675.672,196.722
5947,-3967.86,1247.36,7298.33,265.936,713.737,159.578
5956,-3993.09,1211.94,7183.86,270.549,726.79,120.862
5967,-3963.27,1154.39,7126.69,252.639,728.032,82.4899
5977,-3981.02,938.039,7139.35,226.711,734.426,44.3919
5987,-4056.81,687.804,7095.88,230.369,726.14,32.7135
5997,-4121.45,493.58,7083.11,249.695,709.112,41.1708
6007,-4146.36,618.158,7039.28,278.556,677.89,74.9366
6017,-4127.49,1384.82,6935.43,298.045,645.512,104.949
6027,-4084.39,1162.68,6867.54,302.436,618.81,106.759
6037,-4053.91,1210.67,6822.03,292.349,607.448,91.0076
6047,-4051.93,1085.87,6761.63,272.279,598.358,60.006
6057,-4020.74,1438.79,6704.5,241.023,589.086,19.4048
6067,-4006.6,1245.48,6692.8,184.819,593.069,-41.2761
6077,-4083.68,970.548,6253.84,113.855,604.655,-99.6209
6087,-3968.14,831.455,6389.87,15.0839,602.124,-177.697
6096,-4304.91,1872.35,6459.5,-60.5329,599.499,-232.757
6107,-4557.53,1825.23,6766,-133.826,562.2,-318.806
6117,-4446.42,909.723,6884.4,-182.661,536.16,-341.645
6127,-4408.74,440.172,7221.92,-226.929,552.128,-372.316
6137,-4304.19,-492.383,7075.94,-241.543,550.902,-408.053
6147,-4243.35,933.562,6823.95,-268.634,631.322,-411.842
6156,-4293.08,1025.76,7012.76,-283.908,727.857,-419.674
6168,-4265.27,426.576,6991.41,-287.926,843.686,-448.539
6177,-4203.01,696.058,6947.93,-285.141,956.149,-437.431
6187,-4077.61,1101.01,6783.14,-278.113,1111.72,-398.145
6196,-4092.49,880.501,6816.91,-265.69,1266.38,-399.316
6207,-4103.19,197.85,6705.93,-217.752,1432.7,-379.853
6216,-4032.95,962.985,6683.94,-188.402,1705.96,-386.282
6227,-4206.36,1354.5,6765.16,-126.721,2044.77,-436.626
6237,-4316.69,1487.25,6942.12,-79.5771,2408.61,-467.501
6247,-4069.75,-15.075,6742.9,126.938,2904.89,-523.6
6257,-4475.8,970.492,6615.92,249.751,3439.51,-657.48
6267,-4611.44,208.649,6545.54,356.601,3994.81,-708.784
6277,-4779.95,-303.135,6714.83,420.28,4650.45,-710.227
6287,-5379.16,2570.69,6958.26,506.424,5381.76,-809.582
6296,-4836.93,39.2688,7624.61,583.939,6170.61,-867.066
6307,-4987.14,1294.53,7668.09,642.552,7142.49,-937.652
6317,-5535.31,3450.45,8077.27,767.041,8161.19,-1032.72
6327,-5730.25,3856.85,8495.02,1002.43,9414.95,-1193.18
6337,-6213.4,3397.08,8580.01,1377.35,10663.6,-1318.74
6347,-7597.12,2425.91,8874.01,2060.88,11770.6,-1482.19
6357,-9282.9,1623.19,9580.81,2995.5,12596.7,-1595.55
6367,-10756.3,2153.12,10369.8,3749.4,13114.2,-1785.24
6377,-11129.5,2843.31,10829.9,4425.32,12984.3,-2124.2
6386,-10944.8,453.531,10954.7,5060.26,12632.7,-2375.96
6396,-9675.81,3420.35,12103,5756.61,11681.7,-2598.36
6407,-8663.85,7533.04,16235.8,6201.48,10169.4,-2949.89
6417,-12700.7,23089.5,16780.2,5799.19,8442.51,-3177.91
6427,-10742.1,12993.8,18622.6,4827.75,6360.61,-3234.73
6437,-8041.31,7233.98,17879.3,3636.8,4070.49,-3068.78
6447,-5832.25,4125.4,16514.6,2584.24,2089.59,-2843.83
6457,-4396.6,1983.94,14872.5,1962.39,382.072,-2576.86
6466,-3537.28,2061.39,13527.2,1634.71,-1086.34,-2303.09
6476,-3120.22,2376.94,12621.3,1552.97,-2497.87,-2006.07
6487,-2880.98,3286.89,11738.3,1535.98,-3797.7,-1715.06
6496,-2647.58,3802.69,10838.2,1492.58,-5020.96,-1411.45
6507,-2566.87,3575.27,9659.78,1396.07,-6024.77,-1129.96
6516,-2567.09,3689.33,8917.82,1250.25,-6865.41,-872.365
6527,-2703.67,1805.33,8003.86,1103.6,-7568.33,-631.892
6537,-2990.54,2554.73,7821.89,1082.28,-8134.67,-371.914
6546,-3556.83,1974.47,7686.71,1179.23,-8590.53,-108.931
6557,-4116.67,2280.05,7657.77,1465.58,-9008.23,239.055
6567,-4524.13,2776.8,7447.41,1820.06,-9329.78,641.444
6577,-4868.91,2857.08,7168.33,2224.05,-9461.22,1191.76
6587,-5523.92,3612.11,7123.46,2561.44,-9459.38,1795.6
6597,-6288.34,4292.41,7365.97,2728.15,-9331.1,2450.28
6607,-7185.47,4016.64,7916.38,2747.12,-9187.08,3070.03
6616,-8128.78,3411.26,8314.3,2640.7,-9028.07,3644.82
6627,-8700.62,1637.13,8777.44,2539.56,-8838.45,4136.46
6636,-9446.5,734.313,8995.55,2451.65,-8584.96,4435.57
6646,-10288.8,1133.63,9228.04,2355.52,-8351.17,4587.45
6657,-11010.6,1218.56,9392.03,2248.21,-8159.34,4572.76
6667,-11510.5,1803.06,9215.23,2151.77,-7963.47,4481.01
6677,-11780.8,2288.11,8912.98,2064.62,-7715.98,4299.41
6687,-11953.4,4115.01,8574.79,1958.69,-7444.38,4099.93
6697,-12145.6,5026.7,8399.83,1799.75,-7159.5,3930.34
6707,-12306.4,4961.27,8286.66,1658.8,-6924,3830.07
6716,-12377.2,4648.73,8104.93,1587.44,-6751.6,3818.86
6727,-12350.5,3902.87,7853.14,1589.35,-6618.48,3859.49
6737,-12290,2791.49,7590.92,1720.88,-6531.19,3954.59
6747,-12187.6,2116.95,7295.53,1912.31,-6473.75,4066.07
6758,-12078.1,1655.29,6924.03,2133.25,-6436.6,4168.26
6767,-11820.9,925.13,6330.02,2299.4,-6396.28,4235.41
6777,-11577.5,450.713,5596.02,2355.32,-6304.22,4223.32
6787,-11312,-658.729,4421.21,2328.25,-6152.98,4142.86
6796,-11146.8,-1588.67,3016.57,2219.4,-5856.98,3958.89
6807,-11212.6,-2974.07,1335.26,2120.52,-5464.99,3744.91
6817,-11382.9,-3488.81,-212.595,2048.42,-4980.79,3524.13
6826,-11735.5,-2422.48,-1220.08,1934.53,-4336.23,3263.7
6837,-11944,-1262.85,-1764.46,1695.43,-3686.99,2982.36
6846,-11732.8,-713.085,-1933.57,1174.54,-2989.39,2662.49
6857,-11424.7,-875.908,-2000.85,529.234,-2233.91,2365.59
6866,-11181.7,-838.191,-1736.28,-52.8132,-1499.13,2121.47
6877,-11103.4,-240.419,-1253.03,-569.651,-782.303,1899.98
6887,-11202.3,-198.642,-492.422,-966.72,-172.642,1719.58
6897,-11520.2,-104.464,477.263,-1170.38,272.286,1647.07
6907,-11311,367.554,1259.01,-1258.9,574.829,1668.85
6917,-10790,108.755,1570.81,-1272.52,884.663,1747.08
6927,-2386.8,9176.47,2717.05,-1636.82,1513.93,2005.67
6937,1533.76,14370.8,4932.04,-2369.65,2722.74,1675.13
6947,5587.41,-10313.3,1968.43,-3675.92,4302.4,475.106
6957,4085.93,-19259.9,2711.54,-3657.14,6373.12,-268.515
6966,2377.54,-10008,4795.63,-3342.31,8356.89,-534.812
6978,649.634,-4044.6,5170.91,-2932.45,10146.1,-1008.65
6988,-6033.89,23044.1,10690.1,-3203.96,11284.7,-1390.92
6998,-11380.7,10246,11816.1,-3656.37,10990,-2159.54
7007,-10564.2,-26171.6,11525.3,-3461.89,9944.96,-2517.43
7018,-10415.3,1168.24,12591.8,-3501.11,8348.37,-2218.14
7027,-14885.9,-124.376,9684.26,-3367.29,6840.5,-1685.51
7038,-12217.9,1467.16,9157.41,-3122.43,5581.2,-1458.01
7048,-10852.3,-108.884,8937.93,-2672.15,4553.36,-1281.01
7058,-9929.85,2159.91,8314.74,-2261.72,3677.49,-1127.61
7068,-8841.08,511.191,8102.19,-1906.57,2931.99,-1009.49
7078,-8033.67,1406.52,7869.75,-1609.66,2316.19,-900.189
7088,-7275.73,669.852,7671,-1363.53,1793.95,-805.551
7096,-6603.79,824.785,7531.6,-1156.02,1384.96,-714.641
7106,-6097.03,753.879,7366.88,-972.017,1081.37,-634.513
7117,-5610.82,260.788,7249.51,-823.014,864.296,-569.61
7126,-5265.06,740.679,7178,-716.811,714.237,-520.688
7137,-5068.85,243.268,7164.8,-630.649,615.589,-479.95
7146,-4933.88,150.327,7148.24,-557.119,550.471,-428.16
7157,-4847.5,985.233,6894.99,-506.095,492.577,-381.528
7167,-4813.2,483.723,6224,-452.276,520.462,-315.623
7177,-4488.56,831.372,6688.4,-424.021,532.569,-266.298
7187,-4406.45,1026.34,6809.12,-375.017,516.856,-237.238
7197,-4355.56,846.034,6767.69,-333.813,483.084,-228.991
7207,-4315.25,622.803,6768.16,-290.051,428.468,-239.593
7217,-4239.4,539.28,6807.32,-260.441,374.574,-254.874
7227,-4272.32,484.128,6819.46,-233.552,318.859,-275.499
7237,-4309.05,604.613,6831.97,-211.042,267.887,-290.799
7247,-4319.24,476.261,6798.37,-179.434,239.51,-289.64
7257,-4313.79,540.826,6804.7,-157.147,218.208,-286.712
7267,-4271.84,577.883,6826.96,-141.317,208.766,-286.369
7277,-4254.27,523.988,6844.37,-130.654,206.813,-289.695
7287,-4234.21,448.399,6857.49,-124.523,206.85,-293.156
7298,-4248.57,532.64,6856.4,-110.419,199.68,-288.925
7307,-4308.06,319.664,6847.92,-101.135,188.744,-286.14
7317,-4398.05,147.166,7057.53,-43.7079,168.395,-198.912
7327,-4383.24,423.317,6951.23,-49.5663,135.916,-198.53
7337,-4342.59,458.132,6900.18,-52.253,111.533,-196.424
7347,-4317.67,429.213,6914.15,-48.0024,98.8265,-198.139
7357,-4313.34,347.121,6918.12,-38.2019,101.461,-194.911
7367,-4321.07,140.912,6888.49,-29.7616,114.969,-183.929
7376,-4285.26,140.091,6890.79,-27.6092,118.975,-165.143
7387,-4273.8,395.609,6897.04,-27.8874,135.18,-141.515
7397,-4266.24,386.961,6892.43,-23.1099,159.944,-120.012
7407,-4288.99,416.696,6871.14,-15.6879,191.355,-104.809
7417,-4316.4,448.47,6863.31,-8.95034,217.484,-94.0474
7427,-4338.72,388.647,6837.45,-3.76028,230.387,-91.0379
7437,-4352.57,355.665,6805.56,-2.40822,228.11,-87.0304
7447,-4382.06,276.766,6807.25,-1.32658,218.488,-80.4243
7456,-4390.05,423.677,6797,-6.46126,210.19,-70.7394
7467,-4426.84,593.168,6782.8,-7.96901,196.352,-66.3915
7477,-4455.47,390.517,6733.44,-13.1752,171.282,-63.7132
7487,-4440.78,282.052,6737.55,-16.1402,131.025,-63.9706
7497,-4458.22,231.605,6728.04,-22.9121,89.6204,-59.9765
7507,-4429.78,370.561,6749.23,-31.5297,50.0963,-52.5812
7517,-4421.82,483.456,6742.99,-37.6238,21.877,-50.0649
7527,-4423.46,316.546,6759.19,-38.099,-2.29838,-47.052
7537,-4401.97,422.255,6726.55,-40.6792,-33.2387,-42.4416
7547,-4413.57,729.825,6722.84,-35.7434,-38.791,-45.1533
7557,-4379.26,357.383,6752.67,-25.5947,-32.6328,-52.3226
7567,-4377.81,248.138,6766.14,-15.8758,-13.5062,-52.0581
7577,-4370.25,291.214,6780.11,-10.5006,4.99503,-48.8465
7587,-4369.8,349.521,6776.09,-10.8005,15.596,-43.0772
7597,-4308.24,342.752,6797.67,-8.04039,13.8768,-36.8617
7607,-4292.19,387.075,6802.54,-5.83231,23.9015,-31.8894
7618,-4291.75,333.908,6803.63,-1.46585,32.5212,-27.7115
7628,-4276.2,481.591,6819.3,1.42732,42.0169,-27.7692
7638,-4280.56,445.959,6805.44,6.74186,54.6135,-30.4154
7648,-4251.25,388.396,6806.75,12.3935,62.4908,-34.3323
7657,-4235.8,415.04,6841.8,23.9148,78.9927,-37.0658
7666,-4236.24,293.504,6845.44,32.3318,105.194,-43.6527
7677,-4254.99,247.15,6842.75,38.6655,144.155,-41.9221
7687,-4280.39,301.915,6827.4,43.1324,183.924,-38.3377
7696,-4313.11,289.392,6793.92,43.9059,215.139,-34.2702
7707,-4335.29,293.539,6787.14,42.7247,237.312,-27.4161
7716,-4343.83,445.154,6786.11,41.5798,254.049,-19.7329
7727,-4364.27,530.515,6789.69,42.6638,269.639,-20.3863
7736,-4377.81,459.852,6775.35,42.5311,284.911,-25.7091
7747,-4393.05,445.585,6769.88,39.4248,292.929,-35.9672
7756,-4405.24,564.759,6747.1,37.9399,296.143,-46.7738
7767,-4389.79,490.276,6744.08,38.5519,308.915,-63.419
7777,-4398.23,407.228,6744.87,38.4415,327.132,-77.3352
7787,-4403.39,267.523,6734.69,40.9532,354.905,-88.4682
7797,-4430.71,190.552,6726.95,42.3626,383.324,-93.3745
7807,-4450.97,179.255,6707.56,44.2901,415.059,-92.2996
7817,-4477.57,172.726,6700.05,46.232,444.248,-86.8397
7827,-4506.86,209.873,6682.04,47.1856,468.198,-75.2718
7837,-4540.69,301.787,6658.43,46.1485,483.558,-59.0174
7847,-4576.55,390.179,6619.95,46.1188,487.647,-46.4139
7857,-4612.04,393.618,6587.96,42.895,475.117,-36.7311
7868,-4632.03,383.162,6556.77,39.916,441.694,-32.9849
7878,-4663.23,517.116,6552.61,41.3328,407.155,-30.5879
7888,-4666.98,453.112,6542.09,42.8663,371.524,-33.6703
7897,-4682.38,326.111,6460.47,42.493,332.819,-37.7363
7907,-4666.71,423.211,6478.78,41.7944,284.455,-45.389
7917,-4690.17,279.921,6480.62,47.2355,240.564,-47.5112
7927,-4703.33,229.592,6455.7,47.3884,197.651,-48.009
7937,-4705.47,283.959,6450.96,44.1107,145.721,-44.0072
7947,-4713.17,402.796,6459.57,38.2886,97.9769,-42.6057
7957,-4708.94,324.68,6470.05,33.6309,52.9815,-42.0846
7967,-4708.35,408.668,6478.04,31.3047,11.5852,-41.2677
7977,-4711.48,323.467,6478.03,29.0438,-27.7318,-41.6141
7987,-4687.18,358.147,6503.63,24.435,-63.3855,-38.4913
7997,-4669.35,424.615,6535.7,23.748,-91.9084,-32.993
8007,-4651.08,398.861,6562.56,26.7984,-110.927,-30.9944
8017,-4636.86,378.286,6580.85,29.6387,-120.741,-31.1956
8026,-4621.89,369.029,6587.88,30.911,-125.593,-33.3564
8037,-4611.91,382.503,6603.1,31.7288,-123.674,-35.0852
8047,-4593.53,360.45,6622.88,33.383,-118.14,-35.0681
8057,-4578.42,372.645,6642.71,32.9064,-100.712,-35.2545
8067,-4574.74,397.264,6642.17,33.9251,-83.5693,-33.0036
8077,-4572.59,376.326,6632.93,37.7401,-59.0555,-32.4029
8086,-4567.27,358.033,6621.95,43.3921,-35.0444,-29.3223
8097,-4553.82,440.803,6608.76,46.7137,-4.83549,-31.8578
8106,-4553.05,463.48,6605.41,47.9709,27.1316,-35.6863
8117,-4559.24,325.348,6604.32,52.7767,59.7053,-38.549
8127,-4572.19,360.135,6599.06,52.2214,86.5642,-41.8392
8138,-4590.96,329.413,6572.45,53.5771,106.651,-42.8714
8147,-4613.96,290.341,6556.76,51.2617,115.321,-39.4971
8158,-4647.97,408.834,6538.61,48.6094,113.057,-36.9977
8167,-4666.38,436.883,6550.08,47.0875,107.246,-35.3981
8177,-4677.1,351.488,6542.07,45.07,93.1964,-34.7185
8187,-4666.48,368.149,6574.85,44.256,76.3571,-32.3748
8197,-4662.79,454.415,6569.88,41.2048,57.8857,-35.6998
8206,-4667.83,389.241,6547.11,39.9638,37.9086,-37.1599
8217,-4657.06,388.124,6550.49,37.9711,15.1268,-38.5279
8227,-4664.45,463.612,6550.79,36.1769,-6.49853,-37.0223
8237,-4635.56,418.961,6617.03,34.3415,-19.5988,-35.2179
8247,-4644.45,500.896,6541.22,31.4732,-45.4791,-37.7743
8257,-4625.16,410.09,6543.78,28.1785,-57.3832,-41.4194
8267,-4626.13,411.809,6560.62,29.1428,-65.1066,-46.5355
8277,-4621.7,401.181,6565.3,28.9143,-71.2853,-50.4284
8287,-4604.96,369.518,6566.64,29.3314,-76.0282,-52.9427
8297,-4591.97,323.152,6586.11,28.4651,-75.4226,-57.1542
8307,-4607.58,347.315,6564.89,27.1721,-54.9381,-57.5234
8317,-4596.06,315.532,6560.31,28.3377,-39.9504,-56.4187
8327,-4599.25,337.553,6555.85,30.4701,-19.7604,-53.1349
8337,-4595,397.355,6562.68,34.5761,0.191715,-48.108
8347,-4587.6,406.936,6591.74,38.2609,22.3534,-44.4864
8356,-4585.68,443.894,6605.79,42.2087,44.0827,-42.5891
8367,-4598.94,370.189,6587.04,43.167,69.4662,-41.4713
8377,-4615.15,411.419,6580.83,45.1336,89.5729,-43.377
8387,-4626.12,393.942,6569.86,43.3069,108.258,-41.7016
8397,-4639.3,377.794,6554.29,44.6455,121.807,-42.3613
8407,-4651.44,386.979,6554.63,43.7164,125.845,-40.689
8417,-4656.35,476.098,6542.91,41.9731,125.276,-43.1512
8427,-4658.68,400.41,6540.32,41.7785,124.221,-46.121
8437,-4663.34,416.241,6553.46,40.8228,118.377,-50.4968
8447,-4661.08,428.624,6559.57,38.8582,112.901,-56.3974
8457,-4659.66,375.862,6553.25,39.0866,106.521,-60.5179
8468,-4656.13,357.986,6554.6,40.6693,101.217,-62.4144
8478,-4651.7,320.199,6560.48,38.9354,96.7735,-59.5315
8488,-4662.16,417.22,6553.19,36.7483,95.2188,-58.4252
8497,-4733.33,468.322,6486.15,39.5987,96.7751,-61.7402
8507,-4724.26,374.432,6507.72,36.6789,102.42,-62.1921
8516,-4718.61,352.443,6519.38,36.1431,101.936,-60.1537
8527,-4722.49,389.844,6525.9,35.5145,99.5488,-56.123
8537,-4719.99,373.784,6513.92,35.6116,92.8391,-52.4984
8547,-4708.39,418.978,6530.74,35.2893,86.2713,-52.9987
8557,-4701.51,448.698,6534.19,34.4314,81.017,-53.999
8567,-4690.81,426.47,6547.35,34.7451,81.8136,-57.7992
8577,-4685.85,408.047,6551.88,37.7961,89.0509,-59.8393
8587,-4693.48,354.005,6533.1,39.4369,99.2407,-59.6715
8597,-4702.38,321.6,6525.28,43.3495,107.393,-56.9372
8607,-4697.91,395.76,6519.43,44.4796,111.714,-53.3497
8617,-4686.73,410.376,6537.14,47.1837,117.571,-47.6798
8627,-4690.18,435.238,6521.71,46.147,128.457,-45.3438
8637,-4688.14,392.724,6524.97,46.3176,138.166,-43.8751
8647,-4709.72,370.472,6538.38,49.2541,151.332,-47.1001
8657,-4715.77,362.847,6529.1,50.4032,158.866,-45.08
8667,-4712.22,407.085,6519.68,51.5226,166.293,-43.864
8677,-4718.17,362.908,6524.14,51.6181,172.034,-37.8912
8687,-4722.54,441.291,6530.52,51.4945,179.227,-36.313
8696,-4737.23,445.529,6521.21,53.1956,184.582,-36.4504
8707,-4756.58,366.753,6502.97,54.3565,185.666,-37.3603
8717,-4777.27,373.275,6492.38,52.4852,181.932,-39.6882
8727,-4780.21,337.928,6477.5,52.3881,171.546,-37.9506
8736,-4777.77,413.593,6470,51.9105,163.237,-36.9605
8747,-4769.82,379.759,6459.6,51.1284,153.789,-34.3684
8757,-4776.25,383.576,6458.48,52.5027,145.832,-34.2947
8767,-4785,387.558,6435.98,52.6022,137.465,-34.4358
8777,-4790.4,364.556,6432.39,52.8817,125.972,-33.1486
8788,-4800.72,383.856,6441.91,50.3054,112.178,-32.9189
8798,-4801.38,394.786,6443.53,49.2443,95.3422,-32.5351
8808,-4805.5,446.279,6453.62,46.5955,83.0737,-34.8281
8818,-4803.6,381.228,6458.1,43.4764,72.659,-36.0625
8827,-4802.48,432.323,6461.28,40.5811,64.9272,-39.85
8838,-4809.99,441.032,6447.42,39.4649,54.1418,-43.28
8848,-4807.99,384.303,6449.54,38.1719,42.3134,-43.224
8858,-4808.79,414.63,6441.23,37.7375,30.8507,-43.1792
8868,-4814.63,387.063,6443.38,37.39,21.4806,-41.3434
8878,-4814.91,369.906,6444.71,39.512,14.3845,-39.0747
8888,-4805.52,447.391,6437.77,36.8096,8.90757,-42.6597
8897,-4806.42,447.939,6429.01,38.0477,7.72606,-47.3278
8907,-4803.54,347.194,6429.21,39.0382,11.5808,-49.8622
8917,-4807.23,349.719,6436.57,41.6305,17.8647,-50.6898
8928,-4802.98,326.572,6444.85,42.5044,24.2917,-46.7518
8937,-4806.39,381.857,6439.48,43.0035,32.6334,-45.6015
8947,-4820.31,441.386,6423.99,44.8028,37.1067,-43.0812
8957,-4801.85,402.339,6421.19,44.2423,41.8854,-39.2649
8967,-4803.88,418.234,6443.35,42.9938,47.3083,-35.4119
8977,-4806.7,380.223,6443.08,43.595,53.0466,-34.1296
8987,-4808.16,378.222,6439.67,43.276,56.4373,-30.3036
8997,-4809.73,439.222,6442.53,42.2208,59.7498,-27.8429
9006,-4796.98,452.522,6451.63,42.3767,62.3999,-28.4743
9017,-4804.79,399.852,6439.7,41.9013,66.7199,-29.7795
9027,-4809.43,401.785,6444.56,43.3211,70.5759,-31.2236
9037,-4824.34,371.379,6429.25,45.6569,72.4607,-32.5789
9047,-4832.27,380.938,6418.6,46.7255,71.5686,-30.0631
9057,-4833.82,394.494,6407.68,48.7804,67.6549,-27.0505
9067,-4829.06,421.049,6414.94,50.4243,59.9239,-21.4404
9077,-4834.84,454.305,6415.55,51.5394,52.5391,-19.9523
9087,-4834.68,450.43,6413.64,50.8316,46.0313,-21.5618
9097,-4833.34,468.043,6386.92,49.4652,37.425,-26.4495
9107,-4820.27,435.604,6452.33,49.7722,28.74,-27.1596
9117,-4825.82,495.36,6441.47,48.4178,20.792,-28.5277
9127,-4823.05,459.936,6440.77,49.7342,16.8336,-30.6221
9137,-4816.44,422.194,6442.22,47.9874,15.0669,-32.4977
9147,-4822.75,440.019,6444.57,46.1899,14.0535,-33.9982
9157,-4830.6,409.402,6443.26,46.5519,17.0428,-34.9985
9167,-4848.88,404.54,6436.61,46.6415,17.0343,-36.5988
9177,-4849.11,441.854,6432.49,46.7132,13.0274,-35.4791
9187,-4843.69,431.185,6449.19,48.7706,8.22192,-33.5832
9197,-4842.55,453.519,6431.75,44.6165,6.57754,-33.6666
9207,-4840.84,439.552,6436.2,43.8932,2.26203,-35.5333
9216,-4841.47,421.955,6430.96,43.1145,0.409623,-36.6266
9227,-4850.38,434.596,6425.17,43.0916,-1.0723,-34.9013
9236,-4848.7,403.46,6409.73,42.4733,-6.65784,-35.721
9246,-4846.96,490.346,6418.99,40.3786,-12.7263,-35.7768
9256,-4848.77,441.435,6416.79,38.3029,-19.981,-37.2215
9267,-4847.01,463.543,6426.63,36.6423,-26.3848,-39.5772
9277,-4847.61,465.754,6427.71,34.7139,-30.7079,-42.8617
9286,-4841.69,410.175,6434.16,33.9711,-36.3663,-45.2894
9296,-4828.95,451.418,6426.53,31.9769,-46.693,-47.6315
9307,-4820.36,428.542,6423.23,31.9815,-52.5544,-47.3052
9317,-4822.29,419.054,6428.18,31.3852,-58.0435,-46.8442
9326,-4810.63,400.105,6444.94,32.5082,-62.6348,-46.8753
9336,-4806.5,443.211,6445.16,34.4065,-61.5079,-45.7003
9347,-4799.2,434.921,6449.32,34.5252,-55.8063,-47.3602
9357,-4792.96,403.492,6449.86,33.2202,-49.645,-49.2882
9367,-4793.97,396.749,6455.09,32.9761,-42.516,-49.0305
9376,-4801.18,385.275,6455.67,32.9809,-36.4128,-46.6244
9387,-4797.34,387.727,6445.74,32.1847,-33.7303,-45.6995
1,-3837.67,39.6728,5156.79,25.9478,-26.7842,-36.3596